date,province,region,visitors_total,predicted,error,error_pct
2025-01-01,กระบี่,ภาคใต้,603286,637534.1,-34248.125,-5.676930179052722
2025-02-01,กระบี่,ภาคใต้,576748,592069.1,-15321.125,-2.6564678160999255
2025-03-01,กระบี่,ภาคใต้,585263,548576.4,36686.625,6.268399847589887
2025-04-01,กระบี่,ภาคใต้,660418,664665.75,-4247.75,-0.6431911304658565
2025-05-01,กระบี่,ภาคใต้,470063,555400.94,-85337.9375,-18.15457449320623
2025-06-01,กระบี่,ภาคใต้,510718,498243.12,12474.875,2.4426151026593934
2025-07-01,กระบี่,ภาคใต้,439830,474355.38,-34525.375,-7.849708978468954
2025-08-01,กระบี่,ภาคใต้,457025,434632.84,22392.15625,4.8995473442371855
2025-09-01,กระบี่,ภาคใต้,410785,425096.7,-14311.6875,-3.4839849312900912
2025-10-01,กระบี่,ภาคใต้,507184,477379.25,29804.75,5.876516215022556
2025-11-01,กระบี่,ภาคใต้,553060,562726.94,-9666.9375,-1.747900318229487
2025-12-01,กระบี่,ภาคใต้,608915,599994.0,8921.0,1.4650649105375957
2025-01-01,กรุงเทพมหานคร,กรุงเทพฯ,5164847,5105548.5,59298.5,1.1481172627185277
2025-02-01,กรุงเทพมหานคร,กรุงเทพฯ,4567452,4819644.0,-252192.0,-5.521503017437293
2025-03-01,กรุงเทพมหานคร,กรุงเทพฯ,4327080,4721765.0,-394685.0,-9.121278090536805
2025-04-01,กรุงเทพมหานคร,กรุงเทพฯ,4463222,4812229.0,-349007.0,-7.819619996495805
2025-05-01,กรุงเทพมหานคร,กรุงเทพฯ,4308575,4687267.0,-378692.0,-8.789263271499276
2025-06-01,กรุงเทพมหานคร,กรุงเทพฯ,4099739,4736422.5,-636683.5,-15.529854461466938
2025-07-01,กรุงเทพมหานคร,กรุงเทพฯ,4409500,4803068.5,-393568.5,-8.925467740106589
2025-08-01,กรุงเทพมหานคร,กรุงเทพฯ,4826937,4946976.5,-120039.5,-2.486866930312121
2025-09-01,กรุงเทพมหานคร,กรุงเทพฯ,4712608,4919824.5,-207216.5,-4.39706633779003
2025-10-01,กรุงเทพมหานคร,กรุงเทพฯ,5301763,5115670.0,186093.0,3.5100211005282578
2025-11-01,กรุงเทพมหานคร,กรุงเทพฯ,5009048,4941416.0,67632.0,1.350196684080488
2025-12-01,กรุงเทพมหานคร,กรุงเทพฯ,5724472,5194822.5,529649.5,9.252372969943778
2025-01-01,กาญจนบุรี,ภาคกลาง,1244732,1554514.9,-309782.875,-24.887515947207913
2025-02-01,กาญจนบุรี,ภาคกลาง,1212734,1215866.1,-3132.125,-0.2582697442308041
2025-03-01,กาญจนบุรี,ภาคกลาง,1106015,1086797.1,19217.875,1.7375781521950426
2025-04-01,กาญจนบุรี,ภาคกลาง,1288030,1210209.9,77820.125,6.041794445781543
2025-05-01,กาญจนบุรี,ภาคกลาง,1288238,1238733.2,49504.75,3.842826403195683
2025-06-01,กาญจนบุรี,ภาคกลาง,1221105,1226611.9,-5506.875,-0.4509747319026619
2025-07-01,กาญจนบุรี,ภาคกลาง,1281504,1242529.2,38974.75,3.041328782430644
2025-08-01,กาญจนบุรี,ภาคกลาง,1219211,1220189.4,-978.375,-0.08024656929768514
2025-09-01,กาญจนบุรี,ภาคกลาง,1270906,1248793.6,22112.375,1.7398906764150928
2025-10-01,กาญจนบุรี,ภาคกลาง,1248290,1226282.2,22007.75,1.763031827540075
2025-11-01,กาญจนบุรี,ภาคกลาง,1343873,1275691.0,68182.0,5.073544895983475
2025-12-01,กาญจนบุรี,ภาคกลาง,1425508,1466474.2,-40966.25,-2.873800076884872
2025-01-01,กาฬสินธุ์,ภาคตะวันออกเฉียงเหนือ,86820,140480.27,-53660.265625,-61.806341424786915
2025-02-01,กาฬสินธุ์,ภาคตะวันออกเฉียงเหนือ,267902,167466.02,100435.984375,37.489822537719014
2025-03-01,กาฬสินธุ์,ภาคตะวันออกเฉียงเหนือ,96915,141934.64,-45019.640625,-46.452706624361554
2025-04-01,กาฬสินธุ์,ภาคตะวันออกเฉียงเหนือ,433789,185539.33,248249.671875,57.22820815534742
2025-05-01,กาฬสินธุ์,ภาคตะวันออกเฉียงเหนือ,193123,283484.4,-90361.40625,-46.789562222003596
2025-06-01,กาฬสินธุ์,ภาคตะวันออกเฉียงเหนือ,147629,171006.81,-23377.8125,-15.835515041082715
2025-07-01,กาฬสินธุ์,ภาคตะวันออกเฉียงเหนือ,193934,230294.39,-36360.390625,-18.748847868346964
2025-08-01,กาฬสินธุ์,ภาคตะวันออกเฉียงเหนือ,188655,194225.8,-5570.796875,-2.9529017916302243
2025-09-01,กาฬสินธุ์,ภาคตะวันออกเฉียงเหนือ,201993,195843.14,6149.859375,3.0445903447149156
2025-10-01,กาฬสินธุ์,ภาคตะวันออกเฉียงเหนือ,230316,212243.52,18072.484375,7.846821052380208
2025-11-01,กาฬสินธุ์,ภาคตะวันออกเฉียงเหนือ,223261,209943.11,13317.890625,5.965166609931873
2025-12-01,กาฬสินธุ์,ภาคตะวันออกเฉียงเหนือ,290286,253811.66,36474.34375,12.564968255444631
2025-01-01,กำแพงเพชร,ภาคเหนือ,81652,75670.51,5981.4921875,7.325591764439328
2025-02-01,กำแพงเพชร,ภาคเหนือ,75240,66849.516,8390.484375,11.151627292663477
2025-03-01,กำแพงเพชร,ภาคเหนือ,74456,62691.77,11764.23046875,15.800245069235523
2025-04-01,กำแพงเพชร,ภาคเหนือ,72343,73847.32,-1504.3203125,-2.079427605296988
2025-05-01,กำแพงเพชร,ภาคเหนือ,71743,68072.51,3670.4921875,5.116167692318414
2025-06-01,กำแพงเพชร,ภาคเหนือ,68169,59851.617,8317.3828125,12.201121935923954
2025-07-01,กำแพงเพชร,ภาคเหนือ,72862,65315.855,7546.14453125,10.356762827331119
2025-08-01,กำแพงเพชร,ภาคเหนือ,70983,60738.074,10244.92578125,14.432928702999309
2025-09-01,กำแพงเพชร,ภาคเหนือ,69804,59243.215,10560.78515625,15.129197691034898
2025-10-01,กำแพงเพชร,ภาคเหนือ,83028,78603.445,4424.5546875,5.328991048200607
2025-11-01,กำแพงเพชร,ภาคเหนือ,85653,85249.28,403.71875,0.47134221801921705
2025-12-01,กำแพงเพชร,ภาคเหนือ,101286,100120.93,1165.0703125,1.1502777407539049
2025-01-01,ขอนแก่น,ภาคตะวันออกเฉียงเหนือ,441293,460752.22,-19459.21875,-4.409591529890572
2025-02-01,ขอนแก่น,ภาคตะวันออกเฉียงเหนือ,413512,440490.56,-26978.5625,-6.524251412292751
2025-03-01,ขอนแก่น,ภาคตะวันออกเฉียงเหนือ,421696,426207.28,-4511.28125,-1.0697946506488085
2025-04-01,ขอนแก่น,ภาคตะวันออกเฉียงเหนือ,468655,530558.3,-61903.3125,-13.208716966638573
2025-05-01,ขอนแก่น,ภาคตะวันออกเฉียงเหนือ,433008,481298.66,-48290.65625,-11.152370452739904
2025-06-01,ขอนแก่น,ภาคตะวันออกเฉียงเหนือ,459153,488367.72,-29214.71875,-6.362741558913913
2025-07-01,ขอนแก่น,ภาคตะวันออกเฉียงเหนือ,406261,524582.4,-118321.375,-29.124472937348155
2025-08-01,ขอนแก่น,ภาคตะวันออกเฉียงเหนือ,388395,465723.94,-77328.9375,-19.90986946278917
2025-09-01,ขอนแก่น,ภาคตะวันออกเฉียงเหนือ,371577,443978.8,-72401.8125,-19.48500916364576
2025-10-01,ขอนแก่น,ภาคตะวันออกเฉียงเหนือ,372151,410718.6,-38567.59375,-10.363426068988126
2025-11-01,ขอนแก่น,ภาคตะวันออกเฉียงเหนือ,349081,370543.5,-21462.5,-6.148286500840779
2025-12-01,ขอนแก่น,ภาคตะวันออกเฉียงเหนือ,443370,443901.8,-531.8125,-0.11994778627331575
2025-01-01,จันทบุรี,ภาคตะวันออก,300902,335108.47,-34206.46875,-11.36797653388811
2025-02-01,จันทบุรี,ภาคตะวันออก,252830,272258.06,-19428.0625,-7.684239409880157
2025-03-01,จันทบุรี,ภาคตะวันออก,329604,296765.03,32838.96875,9.963158441645126
2025-04-01,จันทบุรี,ภาคตะวันออก,359407,365108.88,-5701.875,-1.5864674310739635
2025-05-01,จันทบุรี,ภาคตะวันออก,386436,362885.5,23550.5,6.094282106221987
2025-06-01,จันทบุรี,ภาคตะวันออก,347944,348073.88,-129.875,-0.03732640884740073
2025-07-01,จันทบุรี,ภาคตะวันออก,339886,356681.62,-16795.625,-4.941546577381828
2025-08-01,จันทบุรี,ภาคตะวันออก,334234,347762.38,-13528.375,-4.047575949783685
2025-09-01,จันทบุรี,ภาคตะวันออก,316229,321878.53,-5649.53125,-1.7865316748305815
2025-10-01,จันทบุรี,ภาคตะวันออก,322480,291358.28,31121.71875,9.650743844579509
2025-11-01,จันทบุรี,ภาคตะวันออก,311671,283184.75,28486.25,9.139846183956802
2025-12-01,จันทบุรี,ภาคตะวันออก,342313,321710.62,20602.375,6.018578026542959
2025-01-01,ฉะเชิงเทรา,ภาคตะวันออก,549193,448890.16,100302.84375,18.263678479150318
2025-02-01,ฉะเชิงเทรา,ภาคตะวันออก,543728,426986.06,116741.9375,21.470650306771034
2025-03-01,ฉะเชิงเทรา,ภาคตะวันออก,567235,435157.7,132077.3125,23.284408137720696
2025-04-01,ฉะเชิงเทรา,ภาคตะวันออก,589380,600508.44,-11128.4375,-1.8881600156096234
2025-05-01,ฉะเชิงเทรา,ภาคตะวันออก,496421,561236.7,-64815.6875,-13.05659661859591
2025-06-01,ฉะเชิงเทรา,ภาคตะวันออก,508730,514028.12,-5298.125,-1.0414414325870305
2025-07-01,ฉะเชิงเทรา,ภาคตะวันออก,553810,544647.56,9162.4375,1.6544369910258032
2025-08-01,ฉะเชิงเทรา,ภาคตะวันออก,526981,488118.5,38862.5,7.374554300819194
2025-09-01,ฉะเชิงเทรา,ภาคตะวันออก,505949,469576.5,36372.5,7.1889656862648215
2025-10-01,ฉะเชิงเทรา,ภาคตะวันออก,522179,487439.94,34739.0625,6.652711522294079
2025-11-01,ฉะเชิงเทรา,ภาคตะวันออก,482214,487215.44,-5001.4375,-1.0371821431978334
2025-12-01,ฉะเชิงเทรา,ภาคตะวันออก,655395,593956.8,61438.1875,9.37422279693925
2025-01-01,ชลบุรี,ภาคตะวันออก,2252166,3032702.2,-780536.25,-34.6571367297082
2025-02-01,ชลบุรี,ภาคตะวันออก,2276833,2696828.0,-419995.0,-18.446456108111576
2025-03-01,ชลบุรี,ภาคตะวันออก,2373376,2277795.0,95581.0,4.027216926437278
2025-04-01,ชลบุรี,ภาคตะวันออก,2809022,2161166.0,647856.0,23.063400713842753
2025-05-01,ชลบุรี,ภาคตะวันออก,2193001,2175203.0,17798.0,0.8115819372631385
2025-06-01,ชลบุรี,ภาคตะวันออก,1937847,2134248.2,-196401.25,-10.13502355965151
2025-07-01,ชลบุรี,ภาคตะวันออก,2033024,2278322.0,-245298.0,-12.065671630044703
2025-08-01,ชลบุรี,ภาคตะวันออก,2383253,2220978.5,162274.5,6.808949784181537
2025-09-01,ชลบุรี,ภาคตะวันออก,2214764,2320900.0,-106136.0,-4.7922035937011795
2025-10-01,ชลบุรี,ภาคตะวันออก,2193948,2182842.2,11105.75,0.5061993265109291
2025-11-01,ชลบุรี,ภาคตะวันออก,2349977,2291517.0,58460.0,2.4876839220128537
2025-12-01,ชลบุรี,ภาคตะวันออก,2581957,2663504.0,-81547.0,-3.158340746960542
2025-01-01,ชัยนาท,ภาคกลาง,102801,111392.414,-8591.4140625,-8.357325378644177
2025-02-01,ชัยนาท,ภาคกลาง,98288,105947.93,-7659.9296875,-7.793351871540779
2025-03-01,ชัยนาท,ภาคกลาง,97768,100784.93,-3016.9296875,-3.0858048517919974
2025-04-01,ชัยนาท,ภาคกลาง,118387,129313.266,-10926.265625,-9.229278235786023
2025-05-01,ชัยนาท,ภาคกลาง,108665,121491.086,-12826.0859375,-11.80332760088345
2025-06-01,ชัยนาท,ภาคกลาง,105023,109735.76,-4712.7578125,-4.4873578287613185
2025-07-01,ชัยนาท,ภาคกลาง,97194,105739.43,-8545.4296875,-8.792137053213162
2025-08-01,ชัยนาท,ภาคกลาง,100015,98664.305,1350.6953125,1.3504927385892116
2025-09-01,ชัยนาท,ภาคกลาง,97854,100237.086,-2383.0859375,-2.4353485166676885
2025-10-01,ชัยนาท,ภาคกลาง,92630,90992.97,1637.03125,1.7672797689733348
2025-11-01,ชัยนาท,ภาคกลาง,96705,95512.88,1192.1171875,1.2327358332040743
2025-12-01,ชัยนาท,ภาคกลาง,108238,106582.65,1655.3515625,1.529362666069218
2025-01-01,ชัยภูมิ,ภาคตะวันออกเฉียงเหนือ,182621,177801.72,4819.28125,2.638952393207791
2025-02-01,ชัยภูมิ,ภาคตะวันออกเฉียงเหนือ,163697,164987.44,-1290.4375,-0.7883085823197737
2025-03-01,ชัยภูมิ,ภาคตะวันออกเฉียงเหนือ,149817,143775.67,6041.328125,4.032471698805876
2025-04-01,ชัยภูมิ,ภาคตะวันออกเฉียงเหนือ,159812,179189.3,-19377.296875,-12.125057489425075
2025-05-01,ชัยภูมิ,ภาคตะวันออกเฉียงเหนือ,187634,196367.55,-8733.546875,-4.6545652040674925
2025-06-01,ชัยภูมิ,ภาคตะวันออกเฉียงเหนือ,199813,203095.02,-3282.015625,-1.642543590757358
2025-07-01,ชัยภูมิ,ภาคตะวันออกเฉียงเหนือ,210560,200714.75,9845.25,4.675745630699088
2025-08-01,ชัยภูมิ,ภาคตะวันออกเฉียงเหนือ,167318,175227.25,-7909.25,-4.727076584706965
2025-09-01,ชัยภูมิ,ภาคตะวันออกเฉียงเหนือ,151492,159600.03,-8108.03125,-5.3521184286959045
2025-10-01,ชัยภูมิ,ภาคตะวันออกเฉียงเหนือ,154431,152118.28,2312.71875,1.4975741593332945
2025-11-01,ชัยภูมิ,ภาคตะวันออกเฉียงเหนือ,157085,153301.94,3783.0625,2.408290097717796
2025-12-01,ชัยภูมิ,ภาคตะวันออกเฉียงเหนือ,190087,167147.67,22939.328125,12.067804807798534
2025-01-01,ชุมพร,ภาคใต้,170621,166463.03,4157.96875,2.4369618921469223
2025-02-01,ชุมพร,ภาคใต้,156805,156700.53,104.46875,0.06662335384713498
2025-03-01,ชุมพร,ภาคใต้,168162,152967.97,15194.03125,9.035353557878713
2025-04-01,ชุมพร,ภาคใต้,167175,189689.55,-22514.546875,-13.467651787049498
2025-05-01,ชุมพร,ภาคใต้,157782,170757.89,-12975.890625,-8.223935952770278
2025-06-01,ชุมพร,ภาคใต้,154354,161090.69,-6736.6875,-4.3644398590253575
2025-07-01,ชุมพร,ภาคใต้,161549,165018.5,-3469.5,-2.147645605977134
2025-08-01,ชุมพร,ภาคใต้,168948,158375.67,10572.328125,6.257740917323673
2025-09-01,ชุมพร,ภาคใต้,151552,160009.52,-8457.515625,-5.5806031098236915
2025-10-01,ชุมพร,ภาคใต้,157895,164536.55,-6641.546875,-4.206306010323316
2025-11-01,ชุมพร,ภาคใต้,157939,164687.77,-6748.765625,-4.273020359125992
2025-12-01,ชุมพร,ภาคใต้,172370,181763.08,-9393.078125,-5.449369452340894
2025-01-01,ตรัง,ภาคใต้,153424,156609.94,-3185.9375,-2.0765574486390657
2025-02-01,ตรัง,ภาคใต้,167202,167747.62,-545.625,-0.32632683819571534
2025-03-01,ตรัง,ภาคใต้,165274,167697.44,-2423.4375,-1.4663150283771191
2025-04-01,ตรัง,ภาคใต้,190021,220372.83,-30351.828125,-15.972880957894128
2025-05-01,ตรัง,ภาคใต้,171410,206374.27,-34964.265625,-20.398031401318477
2025-06-01,ตรัง,ภาคใต้,128695,149350.39,-20655.390625,-16.049878103267414
2025-07-01,ตรัง,ภาคใต้,142225,152614.52,-10389.515625,-7.304985498330111
2025-08-01,ตรัง,ภาคใต้,136919,142982.2,-6063.203125,-4.428313911874905
2025-09-01,ตรัง,ภาคใต้,121468,133641.39,-12173.390625,-10.021891053610828
2025-10-01,ตรัง,ภาคใต้,125776,141723.52,-15947.515625,-12.67929940926727
2025-11-01,ตรัง,ภาคใต้,98478,117930.79,-19452.7890625,-19.753436363959462
2025-12-01,ตรัง,ภาคใต้,150890,147661.38,3228.625,2.139720988799788
2025-01-01,ตราด,ภาคตะวันออก,199746,231277.66,-31531.65625,-15.785876187758452
2025-02-01,ตราด,ภาคตะวันออก,193092,225983.4,-32891.40625,-17.03405954156568
2025-03-01,ตราด,ภาคตะวันออก,223381,228331.9,-4950.90625,-2.2163506520250156
2025-04-01,ตราด,ภาคตะวันออก,244151,267311.47,-23160.46875,-9.4861248776372
2025-05-01,ตราด,ภาคตะวันออก,227830,254936.72,-27106.71875,-11.897782886362638
2025-06-01,ตราด,ภาคตะวันออก,177401,212103.5,-34702.5,-19.56161464704258
2025-07-01,ตราด,ภาคตะวันออก,156163,185155.8,-28992.796875,-18.56572739701466
2025-08-01,ตราด,ภาคตะวันออก,131783,152253.61,-20470.609375,-15.53357365896967
2025-09-01,ตราด,ภาคตะวันออก,133884,140351.17,-6467.171875,-4.830429233515581
2025-10-01,ตราด,ภาคตะวันออก,144195,156123.38,-11928.375,-8.27239155310517
2025-11-01,ตราด,ภาคตะวันออก,165556,166214.56,-658.5625,-0.3977883616419822
2025-12-01,ตราด,ภาคตะวันออก,163721,185825.48,-22104.484375,-13.50131282792067
2025-01-01,ตาก,ภาคเหนือ,217604,226740.02,-9136.015625,-4.198459414808552
2025-02-01,ตาก,ภาคเหนือ,190184,200064.94,-9880.9375,-5.195462026248265
2025-03-01,ตาก,ภาคเหนือ,180951,172537.33,8413.671875,4.649696257550386
2025-04-01,ตาก,ภาคเหนือ,204280,237965.89,-33685.890625,-16.49005806980615
2025-05-01,ตาก,ภาคเหนือ,193613,214883.34,-21270.34375,-10.98601010779235
2025-06-01,ตาก,ภาคเหนือ,184982,201993.73,-17011.734375,-9.196426882075013
2025-07-01,ตาก,ภาคเหนือ,169642,194265.67,-24623.671875,-14.515079918298534
2025-08-01,ตาก,ภาคเหนือ,176304,178975.5,-2671.5,-1.5152804247209366
2025-09-01,ตาก,ภาคเหนือ,172940,185807.88,-12867.875,-7.440658609922517
2025-10-01,ตาก,ภาคเหนือ,189941,199181.69,-9240.6875,-4.865030456826068
2025-11-01,ตาก,ภาคเหนือ,192265,202667.34,-10402.34375,-5.410419863209633
2025-12-01,ตาก,ภาคเหนือ,225061,233331.3,-8270.296875,-3.674691250372121
2025-01-01,นครนายก,ภาคตะวันออก,246095,238069.78,8025.21875,3.2610247059062556
2025-02-01,นครนายก,ภาคตะวันออก,249075,240142.03,8932.96875,3.586457392351701
2025-03-01,นครนายก,ภาคตะวันออก,242881,233463.8,9417.203125,3.8772909881793964
2025-04-01,นครนายก,ภาคตะวันออก,303798,314166.3,-10368.3125,-3.4128968920137726
2025-05-01,นครนายก,ภาคตะวันออก,243043,272938.84,-29895.84375,-12.300639701616586
2025-06-01,นครนายก,ภาคตะวันออก,262852,259706.81,3145.1875,1.1965621338243575
2025-07-01,นครนายก,ภาคตะวันออก,282201,295156.2,-12955.1875,-4.59076597885904
2025-08-01,นครนายก,ภาคตะวันออก,270608,274402.75,-3794.75,-1.4023051794477621
2025-09-01,นครนายก,ภาคตะวันออก,252566,276668.84,-24102.84375,-9.543186236468882
2025-10-01,นครนายก,ภาคตะวันออก,218797,245777.44,-26980.4375,-12.33126482538609
2025-11-01,นครนายก,ภาคตะวันออก,235059,226133.97,8925.03125,3.7969323659166423
2025-12-01,นครนายก,ภาคตะวันออก,288607,268515.84,20091.15625,6.96142375271563
2025-01-01,นครปฐม,ภาคกลาง,398378,471290.56,-72912.5625,-18.302356681342847
2025-02-01,นครปฐม,ภาคกลาง,402150,447928.3,-45778.3125,-11.383392390898917
2025-03-01,นครปฐม,ภาคกลาง,397976,407694.8,-9718.8125,-2.4420599483385934
2025-04-01,นครปฐม,ภาคกลาง,407043,451504.7,-44461.6875,-10.923093506091494
2025-05-01,นครปฐม,ภาคกลาง,387469,430709.84,-43240.84375,-11.159820204971236
2025-06-01,นครปฐม,ภาคกลาง,364663,407422.1,-42759.09375,-11.72564635019182
2025-07-01,นครปฐม,ภาคกลาง,441951,485971.0,-44020.0,-9.96038022314691
2025-08-01,นครปฐม,ภาคกลาง,434028,479456.34,-45428.34375,-10.466685041057259
2025-09-01,นครปฐม,ภาคกลาง,438785,494104.06,-55319.0625,-12.60732762058867
2025-10-01,นครปฐม,ภาคกลาง,493464,535250.0,-41786.0,-8.467892287988587
2025-11-01,นครปฐม,ภาคกลาง,443498,502346.4,-58848.40625,-13.26914805703746
2025-12-01,นครปฐม,ภาคกลาง,473826,508098.88,-34272.875,-7.233219578495059
2025-01-01,นครพนม,ภาคตะวันออกเฉียงเหนือ,188488,213036.31,-24548.3125,-13.023806555324477
2025-02-01,นครพนม,ภาคตะวันออกเฉียงเหนือ,237246,233542.64,3703.359375,1.5609786360992388
2025-03-01,นครพนม,ภาคตะวันออกเฉียงเหนือ,186237,194516.9,-8279.90625,-4.445897566004607
2025-04-01,นครพนม,ภาคตะวันออกเฉียงเหนือ,204841,231517.12,-26676.125,-13.022844547722379
2025-05-01,นครพนม,ภาคตะวันออกเฉียงเหนือ,199808,215113.92,-15305.921875,-7.660314839746156
2025-06-01,นครพนม,ภาคตะวันออกเฉียงเหนือ,174862,187121.66,-12259.65625,-7.011046568150885
2025-07-01,นครพนม,ภาคตะวันออกเฉียงเหนือ,213227,190052.25,23174.75,10.86858137102712
2025-08-01,นครพนม,ภาคตะวันออกเฉียงเหนือ,189979,184176.05,5802.953125,3.0545234604877383
2025-09-01,นครพนม,ภาคตะวันออกเฉียงเหนือ,187321,179194.53,8126.46875,4.338258257216222
2025-10-01,นครพนม,ภาคตะวันออกเฉียงเหนือ,203562,211196.3,-7634.296875,-3.750354621687741
2025-11-01,นครพนม,ภาคตะวันออกเฉียงเหนือ,177517,193133.1,-15616.09375,-8.796956770337488
2025-12-01,นครพนม,ภาคตะวันออกเฉียงเหนือ,203215,210970.4,-7755.40625,-3.8163552149201587
2025-01-01,นครราชสีมา,ภาคตะวันออกเฉียงเหนือ,790301,760799.3,29501.6875,3.7329685145280087
2025-02-01,นครราชสีมา,ภาคตะวันออกเฉียงเหนือ,732570,702079.1,30490.875,4.162179040910766
2025-03-01,นครราชสีมา,ภาคตะวันออกเฉียงเหนือ,791077,678176.56,112900.4375,14.271738086178715
2025-04-01,นครราชสีมา,ภาคตะวันออกเฉียงเหนือ,823583,780592.94,42990.0625,5.219882209807633
2025-05-01,นครราชสีมา,ภาคตะวันออกเฉียงเหนือ,738003,732581.5,5421.5,0.7346176099555151
2025-06-01,นครราชสีมา,ภาคตะวันออกเฉียงเหนือ,804163,719067.0,85096.0,10.581934259596624
2025-07-01,นครราชสีมา,ภาคตะวันออกเฉียงเหนือ,743995,741553.6,2441.375,0.32814400634412866
2025-08-01,นครราชสีมา,ภาคตะวันออกเฉียงเหนือ,768878,763002.94,5875.0625,0.764108545178819
2025-09-01,นครราชสีมา,ภาคตะวันออกเฉียงเหนือ,722582,792277.94,-69695.9375,-9.645401836746556
2025-10-01,นครราชสีมา,ภาคตะวันออกเฉียงเหนือ,808109,824153.75,-16044.75,-1.985468544466155
2025-11-01,นครราชสีมา,ภาคตะวันออกเฉียงเหนือ,836651,850994.06,-14343.0625,-1.7143423601955892
2025-12-01,นครราชสีมา,ภาคตะวันออกเฉียงเหนือ,943157,938497.7,4659.3125,0.49401239666354596
2025-01-01,นครศรีธรรมราช,ภาคใต้,439417,382821.38,56595.625,12.87970765810153
2025-02-01,นครศรีธรรมราช,ภาคใต้,342297,340283.0,2014.0,0.5883779291083474
2025-03-01,นครศรีธรรมราช,ภาคใต้,364945,323820.28,41124.71875,11.268744262834126
2025-04-01,นครศรีธรรมราช,ภาคใต้,400581,426646.38,-26065.375,-6.50689248866022
2025-05-01,นครศรีธรรมราช,ภาคใต้,330119,371842.3,-41723.3125,-12.638870377045851
2025-06-01,นครศรีธรรมราช,ภาคใต้,324978,338658.7,-13680.6875,-4.209727273846229
2025-07-01,นครศรีธรรมราช,ภาคใต้,378083,366739.28,11343.71875,3.0003249947762796
2025-08-01,นครศรีธรรมราช,ภาคใต้,398089,357261.1,40827.90625,10.255974480580976
2025-09-01,นครศรีธรรมราช,ภาคใต้,431024,436210.28,-5186.28125,-1.203246512955195
2025-10-01,นครศรีธรรมราช,ภาคใต้,408938,429885.56,-20947.5625,-5.122429928253182
2025-11-01,นครศรีธรรมราช,ภาคใต้,315144,336221.38,-21077.375,-6.6881727083491995
2025-12-01,นครศรีธรรมราช,ภาคใต้,405548,376338.25,29209.75,7.202538293864105
2025-01-01,นครสวรรค์,ภาคเหนือ,230082,206443.12,23638.875,10.274108795994472
2025-02-01,นครสวรรค์,ภาคเหนือ,206160,186897.47,19262.53125,9.343486248544819
2025-03-01,นครสวรรค์,ภาคเหนือ,186504,162632.78,23871.21875,12.799306583236822
2025-04-01,นครสวรรค์,ภาคเหนือ,244873,245534.84,-661.84375,-0.2702804106618533
2025-05-01,นครสวรรค์,ภาคเหนือ,230055,223040.1,7014.90625,3.049230075416748
2025-06-01,นครสวรรค์,ภาคเหนือ,201436,192692.78,8743.21875,4.340444980043289
2025-07-01,นครสวรรค์,ภาคเหนือ,190052,200309.23,-10257.234375,-5.397067315787258
2025-08-01,นครสวรรค์,ภาคเหนือ,190934,194929.66,-3995.65625,-2.0926897514324323
2025-09-01,นครสวรรค์,ภาคเหนือ,183259,185778.81,-2519.8125,-1.3750006820947402
2025-10-01,นครสวรรค์,ภาคเหนือ,178670,167856.23,10813.765625,6.052367842950692
2025-11-01,นครสวรรค์,ภาคเหนือ,177860,166321.98,11538.015625,6.487133489823457
2025-12-01,นครสวรรค์,ภาคเหนือ,224643,208782.38,15860.625,7.060369119002149
2025-01-01,นนทบุรี,ภาคกลาง,356460,391733.28,-35273.28125,-9.895438829041128
2025-02-01,นนทบุรี,ภาคกลาง,359235,386657.4,-27422.40625,-7.633556376745028
2025-03-01,นนทบุรี,ภาคกลาง,381175,375517.34,5657.65625,1.4842673968649571
2025-04-01,นนทบุรี,ภาคกลาง,362861,392405.25,-29544.25,-8.142029592598819
2025-05-01,นนทบุรี,ภาคกลาง,368134,381571.56,-13437.5625,-3.6501824064063633
2025-06-01,นนทบุรี,ภาคกลาง,345617,374702.88,-29085.875,-8.41563783031506
2025-07-01,นนทบุรี,ภาคกลาง,368259,387851.38,-19592.375,-5.32027051613131
2025-08-01,นนทบุรี,ภาคกลาง,370273,390721.7,-20448.6875,-5.522597515886927
2025-09-01,นนทบุรี,ภาคกลาง,340967,363076.25,-22109.25,-6.4842785372191445
2025-10-01,นนทบุรี,ภาคกลาง,309937,332852.88,-22915.875,-7.3937203367135895
2025-11-01,นนทบุรี,ภาคกลาง,310340,317991.8,-7651.8125,-2.4656223819037186
2025-12-01,นนทบุรี,ภาคกลาง,363928,351022.1,12905.90625,3.546280102108109
2025-01-01,นราธิวาส,ภาคใต้,130967,98151.445,32815.5546875,25.05635365206502
2025-02-01,นราธิวาส,ภาคใต้,113210,104582.305,8627.6953125,7.620965738450666
2025-03-01,นราธิวาส,ภาคใต้,105660,97496.84,8163.15625,7.725871900435359
2025-04-01,นราธิวาส,ภาคใต้,114308,123253.555,-8945.5546875,-7.825834313871296
2025-05-01,นราธิวาส,ภาคใต้,122358,120193.1,2164.8984375,1.7693149916638062
2025-06-01,นราธิวาส,ภาคใต้,121061,114163.72,6897.28125,5.697360215098174
2025-07-01,นราธิวาส,ภาคใต้,89476,115182.9,-25706.8984375,-28.73049581731414
2025-08-01,นราธิวาส,ภาคใต้,97032,97403.28,-371.28125,-0.38263794418336217
2025-09-01,นราธิวาส,ภาคใต้,86419,98582.09,-12163.09375,-14.074559703305987
2025-10-01,นราธิวาส,ภาคใต้,86573,85693.03,879.96875,1.0164471024453352
2025-11-01,นราธิวาส,ภาคใต้,76442,80677.88,-4235.8828125,-5.541302964993067
2025-12-01,นราธิวาส,ภาคใต้,110180,93663.54,16516.4609375,14.990434686422219
2025-01-01,น่าน,ภาคเหนือ,162574,156457.3,6116.703125,3.7624116556152893
2025-02-01,น่าน,ภาคเหนือ,126839,137410.19,-10571.1875,-8.334335259659884
2025-03-01,น่าน,ภาคเหนือ,115202,109859.78,5342.21875,4.637262156906998
2025-04-01,น่าน,ภาคเหนือ,145845,160710.23,-14865.234375,-10.192488172374782
2025-05-01,น่าน,ภาคเหนือ,140340,153999.08,-13659.078125,-9.732847459740631
2025-06-01,น่าน,ภาคเหนือ,127399,138682.72,-11283.71875,-8.856991616888672
2025-07-01,น่าน,ภาคเหนือ,86964,104739.766,-17775.765625,-20.440372596706684
2025-08-01,น่าน,ภาคเหนือ,107774,106787.87,986.1328125,0.9150006611056469
2025-09-01,น่าน,ภาคเหนือ,108174,115686.445,-7512.4453125,-6.9447790712185915
2025-10-01,น่าน,ภาคเหนือ,134752,126439.445,8312.5546875,6.168780194357041
2025-11-01,น่าน,ภาคเหนือ,151220,145403.62,5816.375,3.8463000925803468
2025-12-01,น่าน,ภาคเหนือ,171682,168199.12,3482.875,2.0286780209922997
2025-01-01,บึงกาฬ,ภาคตะวันออกเฉียงเหนือ,84820,82422.01,2397.9921875,2.8271541941759017
2025-02-01,บึงกาฬ,ภาคตะวันออกเฉียงเหนือ,72339,69691.7,2647.296875,3.659570736393923
2025-03-01,บึงกาฬ,ภาคตะวันออกเฉียงเหนือ,85622,81827.65,3794.3515625,4.431514753801593
2025-04-01,บึงกาฬ,ภาคตะวันออกเฉียงเหนือ,72078,84192.94,-12114.9375,-16.808093315574794
2025-05-01,บึงกาฬ,ภาคตะวันออกเฉียงเหนือ,70750,76916.35,-6166.3515625,-8.715691254416962
2025-06-01,บึงกาฬ,ภาคตะวันออกเฉียงเหนือ,93549,92352.4,1196.6015625,1.2791174277651285
2025-07-01,บึงกาฬ,ภาคตะวันออกเฉียงเหนือ,82808,84847.664,-2039.6640625,-2.4631244112887645
2025-08-01,บึงกาฬ,ภาคตะวันออกเฉียงเหนือ,83857,79636.07,4220.9296875,5.033485203978201
2025-09-01,บึงกาฬ,ภาคตะวันออกเฉียงเหนือ,88996,92970.07,-3974.0703125,-4.4654482364375925
2025-10-01,บึงกาฬ,ภาคตะวันออกเฉียงเหนือ,77933,88123.914,-10190.9140625,-13.076506823168618
2025-11-01,บึงกาฬ,ภาคตะวันออกเฉียงเหนือ,69660,75658.805,-5998.8046875,-8.611548503445306
2025-12-01,บึงกาฬ,ภาคตะวันออกเฉียงเหนือ,87067,86270.9,796.1015625,0.9143551087093847
2025-01-01,บุรีรัมย์,ภาคตะวันออกเฉียงเหนือ,325805,354396.62,-28591.625,-8.775686376820492
2025-02-01,บุรีรัมย์,ภาคตะวันออกเฉียงเหนือ,316463,329768.47,-13305.46875,-4.204431086730518
2025-03-01,บุรีรัมย์,ภาคตะวันออกเฉียงเหนือ,370131,347166.53,22964.46875,6.204416476869
2025-04-01,บุรีรัมย์,ภาคตะวันออกเฉียงเหนือ,334006,378419.16,-44413.15625,-13.297113300359875
2025-05-01,บุรีรัมย์,ภาคตะวันออกเฉียงเหนือ,306198,351821.25,-45623.25,-14.899917700311564
2025-06-01,บุรีรัมย์,ภาคตะวันออกเฉียงเหนือ,313433,339117.38,-25684.375,-8.194534398101029
2025-07-01,บุรีรัมย์,ภาคตะวันออกเฉียงเหนือ,288329,326199.22,-37870.21875,-13.134377308560708
2025-08-01,บุรีรัมย์,ภาคตะวันออกเฉียงเหนือ,292283,303981.28,-11698.28125,-4.002381681452564
2025-09-01,บุรีรัมย์,ภาคตะวันออกเฉียงเหนือ,312185,343466.84,-31281.84375,-10.020290452776399
2025-10-01,บุรีรัมย์,ภาคตะวันออกเฉียงเหนือ,320894,336045.44,-15151.4375,-4.721633156120089
2025-11-01,บุรีรัมย์,ภาคตะวันออกเฉียงเหนือ,317776,306650.25,11125.75,3.5011297265998693
2025-12-01,บุรีรัมย์,ภาคตะวันออกเฉียงเหนือ,317350,320587.53,-3237.53125,-1.0201768552071844
2025-01-01,ปทุมธานี,ภาคกลาง,294843,336016.8,-41173.8125,-13.9646566138589
2025-02-01,ปทุมธานี,ภาคกลาง,300485,324912.72,-24427.71875,-8.129430337620846
2025-03-01,ปทุมธานี,ภาคกลาง,289768,294355.06,-4587.0625,-1.5830120993346402
2025-04-01,ปทุมธานี,ภาคกลาง,269420,294694.1,-25274.09375,-9.380927084106599
2025-05-01,ปทุมธานี,ภาคกลาง,274141,283316.44,-9175.4375,-3.346977467799417
2025-06-01,ปทุมธานี,ภาคกลาง,284153,280971.5,3181.5,1.119643290762371
2025-07-01,ปทุมธานี,ภาคกลาง,307676,306807.78,868.21875,0.2821860496106293
2025-08-01,ปทุมธานี,ภาคกลาง,324368,302931.16,21436.84375,6.608803504044788
2025-09-01,ปทุมธานี,ภาคกลาง,300430,303129.94,-2699.9375,-0.898691042838598
2025-10-01,ปทุมธานี,ภาคกลาง,274840,294053.75,-19213.75,-6.990885606170863
2025-11-01,ปทุมธานี,ภาคกลาง,305970,300249.88,5720.125,1.8695051802464293
2025-12-01,ปทุมธานี,ภาคกลาง,337440,324190.2,13249.8125,3.9265684269796113
2025-01-01,ประจวบคีรีขันธ์,ภาคกลาง,1034668,1142219.6,-107551.625,-10.394795721912729
2025-02-01,ประจวบคีรีขันธ์,ภาคกลาง,948364,1023001.1,-74637.125,-7.870092601574923
2025-03-01,ประจวบคีรีขันธ์,ภาคกลาง,935121,923546.56,11574.4375,1.2377475749127653
2025-04-01,ประจวบคีรีขันธ์,ภาคกลาง,1035627,1007523.4,28103.625,2.713682146178112
2025-05-01,ประจวบคีรีขันธ์,ภาคกลาง,970443,959138.0,11305.0,1.1649318919297682
2025-06-01,ประจวบคีรีขันธ์,ภาคกลาง,895593,941257.2,-45664.1875,-5.098765566501748
2025-07-01,ประจวบคีรีขันธ์,ภาคกลาง,973951,988306.06,-14355.0625,-1.4738998676524795
2025-08-01,ประจวบคีรีขันธ์,ภาคกลาง,936527,898470.3,38056.6875,4.063597472363316
2025-09-01,ประจวบคีรีขันธ์,ภาคกลาง,827879,885246.06,-57367.0625,-6.929401820797483
2025-10-01,ประจวบคีรีขันธ์,ภาคกลาง,887741,885471.3,2269.6875,0.2556700096086584
2025-11-01,ประจวบคีรีขันธ์,ภาคกลาง,931988,956171.9,-24183.875,-2.594869783731121
2025-12-01,ประจวบคีรีขันธ์,ภาคกลาง,1096679,1193928.6,-97249.625,-8.867647233146618
2025-01-01,ปราจีนบุรี,ภาคตะวันออก,126129,135814.78,-9685.78125,-7.6792658706562325
2025-02-01,ปราจีนบุรี,ภาคตะวันออก,121572,123032.02,-1460.0234375,-1.2009537043891687
2025-03-01,ปราจีนบุรี,ภาคตะวันออก,129749,121054.336,8694.6640625,6.701141482785994
2025-04-01,ปราจีนบุรี,ภาคตะวันออก,118981,131185.75,-12204.75,-10.257730225834377
2025-05-01,ปราจีนบุรี,ภาคตะวันออก,125431,129831.695,-4400.6953125,-3.5084590830815348
2025-06-01,ปราจีนบุรี,ภาคตะวันออก,119577,121723.5,-2146.5,-1.7950776487117088
2025-07-01,ปราจีนบุรี,ภาคตะวันออก,116469,122349.17,-5880.171875,-5.048701263855619
2025-08-01,ปราจีนบุรี,ภาคตะวันออก,121789,124104.945,-2315.9453125,-1.9016046707830758
2025-09-01,ปราจีนบุรี,ภาคตะวันออก,122756,128282.31,-5526.3125,-4.501867525823585
2025-10-01,ปราจีนบุรี,ภาคตะวันออก,126160,136292.3,-10132.296875,-8.031306971306277
2025-11-01,ปราจีนบุรี,ภาคตะวันออก,121440,132352.61,-10912.609375,-8.986009037384717
2025-12-01,ปราจีนบุรี,ภาคตะวันออก,151271,152458.0,-1187.0,-0.7846844405074337
2025-01-01,ปัตตานี,ภาคใต้,60922,51195.05,9726.94921875,15.966234231886675
2025-02-01,ปัตตานี,ภาคใต้,52842,54795.656,-1953.65625,-3.697165606903599
2025-03-01,ปัตตานี,ภาคใต้,50466,52009.438,-1543.4375,-3.058370982443625
2025-04-01,ปัตตานี,ภาคใต้,58257,65898.56,-7641.5625,-13.116985941603584
2025-05-01,ปัตตานี,ภาคใต้,60064,67324.3,-7260.296875,-12.087601350226425
2025-06-01,ปัตตานี,ภาคใต้,55170,58964.07,-3794.0703125,-6.877053312488671
2025-07-01,ปัตตานี,ภาคใต้,53151,60314.43,-7163.4296875,-13.477506890745236
2025-08-01,ปัตตานี,ภาคใต้,56976,58085.062,-1109.0625,-1.9465432813816346
2025-09-01,ปัตตานี,ภาคใต้,56133,57923.47,-1790.46875,-3.1896901109864073
2025-10-01,ปัตตานี,ภาคใต้,52504,58787.285,-6283.28515625,-11.967250411873382
2025-11-01,ปัตตานี,ภาคใต้,39594,45400.258,-5806.2578125,-14.664489095570035
2025-12-01,ปัตตานี,ภาคใต้,58845,57838.105,1006.89453125,1.7110961530291444
2025-01-01,พระนครศรีอยุธยา,ภาคกลาง,998849,1064334.2,-65485.25,-6.556071037764467
2025-02-01,พระนครศรีอยุธยา,ภาคกลาง,963516,923077.5,40438.5,4.196972338809111
2025-03-01,พระนครศรีอยุธยา,ภาคกลาง,939355,834206.06,105148.9375,11.193737990429604
2025-04-01,พระนครศรีอยุธยา,ภาคกลาง,1017330,953578.3,63751.6875,6.266569107369291
2025-05-01,พระนครศรีอยุธยา,ภาคกลาง,815532,878966.75,-63434.75,-7.778327521176361
2025-06-01,พระนครศรีอยุธยา,ภาคกลาง,835925,814042.2,21882.8125,2.6177961539611805
2025-07-01,พระนครศรีอยุธยา,ภาคกลาง,915932,911516.4,4415.625,0.4820909194132315
2025-08-01,พระนครศรีอยุธยา,ภาคกลาง,874823,848601.9,26221.125,2.9973063122483063
2025-09-01,พระนครศรีอยุธยา,ภาคกลาง,828867,840188.9,-11321.875,-1.365945923773054
2025-10-01,พระนครศรีอยุธยา,ภาคกลาง,851700,857655.1,-5955.125,-0.6992045321122461
2025-11-01,พระนครศรีอยุธยา,ภาคกลาง,924881,917476.9,7404.125,0.8005489354846731
2025-12-01,พระนครศรีอยุธยา,ภาคกลาง,936317,996268.2,-59951.1875,-6.4028729052233375
2025-01-01,พะเยา,ภาคเหนือ,113052,107718.09,5333.90625,4.71809985670311
2025-02-01,พะเยา,ภาคเหนือ,106449,113297.125,-6848.125,-6.43324502813554
2025-03-01,พะเยา,ภาคเหนือ,86208,93885.46,-7677.4609375,-8.905740694019117
2025-04-01,พะเยา,ภาคเหนือ,101843,119011.75,-17168.75,-16.858056027414747
2025-05-01,พะเยา,ภาคเหนือ,85503,109946.09,-24443.09375,-28.587410675648805
2025-06-01,พะเยา,ภาคเหนือ,82751,92150.62,-9399.6171875,-11.358916735145193
2025-07-01,พะเยา,ภาคเหนือ,76550,88606.37,-12056.3671875,-15.749663210320053
2025-08-01,พะเยา,ภาคเหนือ,77312,80641.49,-3329.4921875,-4.306565846828436
2025-09-01,พะเยา,ภาคเหนือ,69492,80038.77,-10546.7734375,-15.176960567403441
2025-10-01,พะเยา,ภาคเหนือ,98762,92998.12,5763.8828125,5.836134153318078
2025-11-01,พะเยา,ภาคเหนือ,111153,109990.18,1162.8203125,1.0461438850053528
2025-12-01,พะเยา,ภาคเหนือ,134476,132339.84,2136.15625,1.5885037106993067
2025-01-01,พังงา,ภาคใต้,421433,429016.4,-7583.40625,-1.7994334212081162
2025-02-01,พังงา,ภาคใต้,317197,378022.1,-60825.09375,-19.17580990677718
2025-03-01,พังงา,ภาคใต้,366824,373867.12,-7043.125,-1.9200284059930648
2025-04-01,พังงา,ภาคใต้,404204,451493.94,-47289.9375,-11.699522394632414
2025-05-01,พังงา,ภาคใต้,339306,411309.7,-72003.6875,-21.220870688994594
2025-06-01,พังงา,ภาคใต้,339807,378585.12,-38778.125,-11.411808762032566
2025-07-01,พังงา,ภาคใต้,311078,366412.47,-55334.46875,-17.78797238956146
2025-08-01,พังงา,ภาคใต้,287948,313295.94,-25347.9375,-8.802956610221289
2025-09-01,พังงา,ภาคใต้,306785,326959.44,-20174.4375,-6.576083413465457
2025-10-01,พังงา,ภาคใต้,393816,374240.47,19575.53125,4.970730302984134
2025-11-01,พังงา,ภาคใต้,382723,387453.97,-4730.96875,-1.2361339010197976
2025-12-01,พังงา,ภาคใต้,435194,417466.53,17727.46875,4.073463501335037
2025-01-01,พัทลุง,ภาคใต้,154285,144974.6,9310.40625,6.034550507178274
2025-02-01,พัทลุง,ภาคใต้,148739,137198.72,11540.28125,7.758746024916128
2025-03-01,พัทลุง,ภาคใต้,174568,148415.67,26152.328125,14.98116958720957
2025-04-01,พัทลุง,ภาคใต้,169875,187966.38,-18091.375,-10.649816041206769
2025-05-01,พัทลุง,ภาคใต้,169680,178995.66,-9315.65625,-5.490132160537482
2025-06-01,พัทลุง,ภาคใต้,163052,179903.6,-16851.59375,-10.335103985231706
2025-07-01,พัทลุง,ภาคใต้,160729,166960.1,-6231.09375,-3.8767700601633805
2025-08-01,พัทลุง,ภาคใต้,142680,142242.56,437.4375,0.306586417157275
2025-09-01,พัทลุง,ภาคใต้,155300,148463.94,6836.0625,4.401843206696716
2025-10-01,พัทลุง,ภาคใต้,148840,162129.0,-13289.0,-8.928379467884977
2025-11-01,พัทลุง,ภาคใต้,140514,145996.66,-5482.65625,-3.90185764407817
2025-12-01,พัทลุง,ภาคใต้,161785,164180.92,-2395.921875,-1.4809295515653491
2025-01-01,พิจิตร,ภาคเหนือ,66619,59865.258,6753.7421875,10.13786185247452
2025-02-01,พิจิตร,ภาคเหนือ,62928,57472.645,5455.35546875,8.669202054331935
2025-03-01,พิจิตร,ภาคเหนือ,58635,51738.184,6896.81640625,11.76228601731048
2025-04-01,พิจิตร,ภาคเหนือ,75211,74986.58,224.421875,0.29838969698581325
2025-05-01,พิจิตร,ภาคเหนือ,70838,71258.37,-420.3671875,-0.593420462887151
2025-06-01,พิจิตร,ภาคเหนือ,66741,57495.86,9245.140625,13.852265661287664
2025-07-01,พิจิตร,ภาคเหนือ,71308,62660.34,8647.66015625,12.127194923781342
2025-08-01,พิจิตร,ภาคเหนือ,68483,57579.19,10903.80859375,15.921920175445
2025-09-01,พิจิตร,ภาคเหนือ,69711,59211.402,10499.59765625,15.061608148283629
2025-10-01,พิจิตร,ภาคเหนือ,73911,64071.176,9839.82421875,13.31307142204814
2025-11-01,พิจิตร,ภาคเหนือ,70948,68868.01,2079.9921875,2.9317136318148505
2025-12-01,พิจิตร,ภาคเหนือ,91258,89698.9,1559.1015625,1.7084546697275855
2025-01-01,พิษณุโลก,ภาคเหนือ,327756,300631.28,27124.71875,8.275887779323643
2025-02-01,พิษณุโลก,ภาคเหนือ,282103,284276.25,-2173.25,-0.7703746503936505
2025-03-01,พิษณุโลก,ภาคเหนือ,260641,242673.23,17967.765625,6.89368350528121
2025-04-01,พิษณุโลก,ภาคเหนือ,279745,295539.28,-15794.28125,-5.64595658546176
2025-05-01,พิษณุโลก,ภาคเหนือ,281056,300334.78,-19278.78125,-6.859409245844245
2025-06-01,พิษณุโลก,ภาคเหนือ,278418,273613.62,4804.375,1.7255978420935427
2025-07-01,พิษณุโลก,ภาคเหนือ,247095,258398.66,-11303.65625,-4.574619579513952
2025-08-01,พิษณุโลก,ภาคเหนือ,252070,245152.98,6917.015625,2.7440852243424447
2025-09-01,พิษณุโลก,ภาคเหนือ,241096,247463.89,-6367.890625,-2.641226160948336
2025-10-01,พิษณุโลก,ภาคเหนือ,289689,270177.34,19511.65625,6.735380442474516
2025-11-01,พิษณุโลก,ภาคเหนือ,293734,287482.84,6251.15625,2.1281691087855
2025-12-01,พิษณุโลก,ภาคเหนือ,327753,313184.4,14568.59375,4.444991731578353
2025-01-01,ภูเก็ต,ภาคใต้,1450185,1199623.8,250561.25,17.277881787496078
2025-02-01,ภูเก็ต,ภาคใต้,1279881,1138076.0,141805.0,11.079545676512113
2025-03-01,ภูเก็ต,ภาคใต้,1160444,1068550.9,91893.125,7.918790135499861
2025-04-01,ภูเก็ต,ภาคใต้,1115520,1228565.2,-113045.25,-10.133861338209984
2025-05-01,ภูเก็ต,ภาคใต้,1075309,1137489.4,-62180.375,-5.782558780778362
2025-06-01,ภูเก็ต,ภาคใต้,1143362,1072088.2,71273.75,6.2336993882952205
2025-07-01,ภูเก็ต,ภาคใต้,1031192,902068.7,129123.3125,12.521752738578268
2025-08-01,ภูเก็ต,ภาคใต้,996136,1070986.4,-74850.375,-7.514071873720055
2025-09-01,ภูเก็ต,ภาคใต้,1051387,1012723.0,38664.0,3.6774280070040812
2025-10-01,ภูเก็ต,ภาคใต้,1173048,1040047.4,133000.625,11.338037744406027
2025-11-01,ภูเก็ต,ภาคใต้,1262095,1110218.9,151876.125,12.03365237957523
2025-12-01,ภูเก็ต,ภาคใต้,1384275,1322207.6,62067.375,4.483746004226039
2025-01-01,มหาสารคาม,ภาคตะวันออกเฉียงเหนือ,60169,53431.855,6737.14453125,11.19703590096229
2025-02-01,มหาสารคาม,ภาคตะวันออกเฉียงเหนือ,67553,61975.668,5577.33203125,8.256231449750565
2025-03-01,มหาสารคาม,ภาคตะวันออกเฉียงเหนือ,56985,61209.188,-4224.1875,-7.412806001579362
2025-04-01,มหาสารคาม,ภาคตะวันออกเฉียงเหนือ,78088,85191.33,-7103.328125,-9.096568134668578
2025-05-01,มหาสารคาม,ภาคตะวันออกเฉียงเหนือ,77081,86727.67,-9646.671875,-12.514980183183924
2025-06-01,มหาสารคาม,ภาคตะวันออกเฉียงเหนือ,79989,78281.17,1707.828125,2.1350787295753166
2025-07-01,มหาสารคาม,ภาคตะวันออกเฉียงเหนือ,52792,63396.914,-10604.9140625,-20.088108165062888
2025-08-01,มหาสารคาม,ภาคตะวันออกเฉียงเหนือ,51312,51154.56,157.44140625,0.30683155256080447
2025-09-01,มหาสารคาม,ภาคตะวันออกเฉียงเหนือ,42817,47892.242,-5075.2421875,-11.853334394049092
2025-10-01,มหาสารคาม,ภาคตะวันออกเฉียงเหนือ,49344,46412.82,2931.1796875,5.94029605929799
2025-11-01,มหาสารคาม,ภาคตะวันออกเฉียงเหนือ,51266,48314.44,2951.55859375,5.757341305641166
2025-12-01,มหาสารคาม,ภาคตะวันออกเฉียงเหนือ,60145,54764.23,5380.76953125,8.946328923850693
2025-01-01,มุกดาหาร,ภาคตะวันออกเฉียงเหนือ,177110,185698.28,-8588.28125,-4.849122720343289
2025-02-01,มุกดาหาร,ภาคตะวันออกเฉียงเหนือ,167428,173581.69,-6153.6875,-3.675423166973266
2025-03-01,มุกดาหาร,ภาคตะวันออกเฉียงเหนือ,154611,159010.14,-4399.140625,-2.8452960171009822
2025-04-01,มุกดาหาร,ภาคตะวันออกเฉียงเหนือ,175290,195161.98,-19871.984375,-11.336633222089109
2025-05-01,มุกดาหาร,ภาคตะวันออกเฉียงเหนือ,155736,170976.5,-15240.5,-9.786112395335696
2025-06-01,มุกดาหาร,ภาคตะวันออกเฉียงเหนือ,155040,155026.7,13.296875,0.00857641576367389
2025-07-01,มุกดาหาร,ภาคตะวันออกเฉียงเหนือ,147049,159974.97,-12925.96875,-8.790245938428686
2025-08-01,มุกดาหาร,ภาคตะวันออกเฉียงเหนือ,136392,139223.58,-2831.578125,-2.076058804768608
2025-09-01,มุกดาหาร,ภาคตะวันออกเฉียงเหนือ,123498,133422.78,-9924.78125,-8.0363902654294
2025-10-01,มุกดาหาร,ภาคตะวันออกเฉียงเหนือ,161660,166499.89,-4839.890625,-2.9938702369169863
2025-11-01,มุกดาหาร,ภาคตะวันออกเฉียงเหนือ,166831,175116.73,-8285.734375,-4.966543612997584
2025-12-01,มุกดาหาร,ภาคตะวันออกเฉียงเหนือ,193514,191850.73,1663.265625,0.8595066119247187
2025-01-01,ยะลา,ภาคใต้,175766,153266.45,22499.546875,12.800852767315634
2025-02-01,ยะลา,ภาคใต้,164028,160687.62,3340.375,2.036466335015973
2025-03-01,ยะลา,ภาคใต้,158771,153822.69,4948.3125,3.116634964823551
2025-04-01,ยะลา,ภาคใต้,178708,196079.86,-17371.859375,-9.720806776976968
2025-05-01,ยะลา,ภาคใต้,173526,196215.34,-22689.34375,-13.07547211945184
2025-06-01,ยะลา,ภาคใต้,181467,190686.98,-9219.984375,-5.080804981070938
2025-07-01,ยะลา,ภาคใต้,178874,176003.44,2870.5625,1.604795833938974
2025-08-01,ยะลา,ภาคใต้,189482,171518.98,17963.015625,9.480064399256921
2025-09-01,ยะลา,ภาคใต้,167820,174291.89,-6471.890625,-3.856447756524848
2025-10-01,ยะลา,ภาคใต้,159388,169151.52,-9763.515625,-6.125627791929129
2025-11-01,ยะลา,ภาคใต้,120018,140676.64,-20658.640625,-17.21295191137996
2025-12-01,ยะลา,ภาคใต้,169248,163766.61,5481.390625,3.2386737952590283
2025-01-01,ยโสธร,ภาคตะวันออกเฉียงเหนือ,56187,45530.57,10656.4296875,18.96600581540214
2025-02-01,ยโสธร,ภาคตะวันออกเฉียงเหนือ,46527,45503.14,1023.859375,2.2005703677434605
2025-03-01,ยโสธร,ภาคตะวันออกเฉียงเหนือ,46078,45810.57,267.4296875,0.5803847551977082
2025-04-01,ยโสธร,ภาคตะวันออกเฉียงเหนือ,58512,63309.9,-4797.8984375,-8.199853769312277
2025-05-01,ยโสธร,ภาคตะวันออกเฉียงเหนือ,62604,63769.83,-1165.828125,-1.86222625551083
2025-06-01,ยโสธร,ภาคตะวันออกเฉียงเหนือ,48603,49109.402,-506.40234375,-1.0419158153817665
2025-07-01,ยโสธร,ภาคตะวันออกเฉียงเหนือ,57738,50665.473,7072.52734375,12.249345913869549
2025-08-01,ยโสธร,ภาคตะวันออกเฉียงเหนือ,53296,45718.047,7577.953125,14.218615139972982
2025-09-01,ยโสธร,ภาคตะวันออกเฉียงเหนือ,46801,44174.027,2626.97265625,5.613069499049166
2025-10-01,ยโสธร,ภาคตะวันออกเฉียงเหนือ,50168,45477.527,4690.47265625,9.349530888713922
2025-11-01,ยโสธร,ภาคตะวันออกเฉียงเหนือ,50692,46531.707,4160.29296875,8.207001043063993
2025-12-01,ยโสธร,ภาคตะวันออกเฉียงเหนือ,57318,53957.64,3360.359375,5.8626598537981085
2025-01-01,ระนอง,ภาคใต้,82715,76253.47,6461.53125,7.8118010638940945
2025-02-01,ระนอง,ภาคใต้,74014,72743.9,1270.1015625,1.7160288087388873
2025-03-01,ระนอง,ภาคใต้,79477,75152.46,4324.5390625,5.44124597367792
2025-04-01,ระนอง,ภาคใต้,91682,104410.98,-12728.9765625,-13.883833863244693
2025-05-01,ระนอง,ภาคใต้,84172,102315.03,-18143.03125,-21.554710889606994
2025-06-01,ระนอง,ภาคใต้,80489,90567.98,-10078.9765625,-12.522178884692318
2025-07-01,ระนอง,ภาคใต้,80126,94022.42,-13896.421875,-17.343211785188327
2025-08-01,ระนอง,ภาคใต้,84417,90750.26,-6333.2578125,-7.502348830804221
2025-09-01,ระนอง,ภาคใต้,75138,91066.54,-15928.5390625,-21.19904583898959
2025-10-01,ระนอง,ภาคใต้,80585,91848.0,-11263.0,-13.976546503691752
2025-11-01,ระนอง,ภาคใต้,84585,93170.82,-8585.8203125,-10.150523511851983
2025-12-01,ระนอง,ภาคใต้,92067,102146.84,-10079.84375,-10.948378626435096
2025-01-01,ระยอง,ภาคตะวันออก,497343,589578.3,-92235.3125,-18.545613892223276
2025-02-01,ระยอง,ภาคตะวันออก,501903,565726.9,-63823.875,-12.7163764711508
2025-03-01,ระยอง,ภาคตะวันออก,525889,570862.9,-44973.875,-8.551971043319027
2025-04-01,ระยอง,ภาคตะวันออก,579267,626431.6,-47164.625,-8.142121853998242
2025-05-01,ระยอง,ภาคตะวันออก,618785,643673.56,-24888.5625,-4.022166422909411
2025-06-01,ระยอง,ภาคตะวันออก,549874,604808.8,-54934.8125,-9.990436445440228
2025-07-01,ระยอง,ภาคตะวันออก,532646,599601.9,-66955.875,-12.57042669990951
2025-08-01,ระยอง,ภาคตะวันออก,513022,582717.2,-69695.1875,-13.58522392801868
2025-09-01,ระยอง,ภาคตะวันออก,491991,558307.5,-66316.5,-13.479209985548515
2025-10-01,ระยอง,ภาคตะวันออก,485192,541347.25,-56155.25,-11.573820260845192
2025-11-01,ระยอง,ภาคตะวันออก,467996,536469.75,-68473.75,-14.631268215967658
2025-12-01,ระยอง,ภาคตะวันออก,584148,598391.5,-14243.5,-2.438337544594863
2025-01-01,ราชบุรี,ภาคกลาง,247752,262506.28,-14754.28125,-5.955262217863024
2025-02-01,ราชบุรี,ภาคกลาง,255299,271739.1,-16440.09375,-6.4395449061688455
2025-03-01,ราชบุรี,ภาคกลาง,260710,261674.89,-964.890625,-0.37010111810057156
2025-04-01,ราชบุรี,ภาคกลาง,306085,320658.4,-14573.40625,-4.761228498619665
2025-05-01,ราชบุรี,ภาคกลาง,311956,332198.84,-20242.84375,-6.489006061752299
2025-06-01,ราชบุรี,ภาคกลาง,303237,301812.4,1424.59375,0.4697954899962735
2025-07-01,ราชบุรี,ภาคกลาง,245273,274986.75,-29713.75,-12.114562140961297
2025-08-01,ราชบุรี,ภาคกลาง,250321,255168.38,-4847.375,-1.9364635807623012
2025-09-01,ราชบุรี,ภาคกลาง,233143,252746.75,-19603.75,-8.408466048734038
2025-10-01,ราชบุรี,ภาคกลาง,234904,240542.16,-5638.15625,-2.4001959311037697
2025-11-01,ราชบุรี,ภาคกลาง,244994,245237.9,-243.90625,-0.09955600953492738
2025-12-01,ราชบุรี,ภาคกลาง,260524,266723.88,-6199.875,-2.379771153521365
2025-01-01,ร้อยเอ็ด,ภาคตะวันออกเฉียงเหนือ,77803,79024.23,-1221.2265625,-1.569639425857615
2025-02-01,ร้อยเอ็ด,ภาคตะวันออกเฉียงเหนือ,69594,69312.914,281.0859375,0.40389392404517627
2025-03-01,ร้อยเอ็ด,ภาคตะวันออกเฉียงเหนือ,75684,73256.336,2427.6640625,3.20763181451826
2025-04-01,ร้อยเอ็ด,ภาคตะวันออกเฉียงเหนือ,84886,101742.2,-16856.203125,-19.857459563414462
2025-05-01,ร้อยเอ็ด,ภาคตะวันออกเฉียงเหนือ,91179,103843.51,-12664.5078125,-13.88972001502539
2025-06-01,ร้อยเอ็ด,ภาคตะวันออกเฉียงเหนือ,77132,84738.93,-7606.9296875,-9.862222796634342
2025-07-01,ร้อยเอ็ด,ภาคตะวันออกเฉียงเหนือ,73827,72027.2,1799.796875,2.4378572541211208
2025-08-01,ร้อยเอ็ด,ภาคตะวันออกเฉียงเหนือ,83276,78167.81,5108.1875,6.134045223113501
2025-09-01,ร้อยเอ็ด,ภาคตะวันออกเฉียงเหนือ,85007,85750.37,-743.3671875,-0.8744776165492253
2025-10-01,ร้อยเอ็ด,ภาคตะวันออกเฉียงเหนือ,82184,88334.484,-6150.484375,-7.483797789107369
2025-11-01,ร้อยเอ็ด,ภาคตะวันออกเฉียงเหนือ,80210,84086.58,-3876.578125,-4.833035936915596
2025-12-01,ร้อยเอ็ด,ภาคตะวันออกเฉียงเหนือ,91740,95492.445,-3752.4453125,-4.0903044609766726
2025-01-01,ลพบุรี,ภาคกลาง,409682,384810.88,24871.125,6.07083664891306
2025-02-01,ลพบุรี,ภาคกลาง,415487,402059.72,13427.28125,3.23169708077509
2025-03-01,ลพบุรี,ภาคกลาง,369122,363656.94,5465.0625,1.4805572412373145
2025-04-01,ลพบุรี,ภาคกลาง,385466,425287.38,-39821.375,-10.330710101539434
2025-05-01,ลพบุรี,ภาคกลาง,385356,411941.22,-26585.21875,-6.89887240629444
2025-06-01,ลพบุรี,ภาคกลาง,388979,392949.03,-3970.03125,-1.0206286843248606
2025-07-01,ลพบุรี,ภาคกลาง,395237,387177.47,8059.53125,2.039164159732009
2025-08-01,ลพบุรี,ภาคกลาง,365887,365872.06,14.9375,0.004082544610767806
2025-09-01,ลพบุรี,ภาคกลาง,367917,365294.25,2622.75,0.7128645863061506
2025-10-01,ลพบุรี,ภาคกลาง,362037,357126.4,4910.59375,1.3563789750771331
2025-11-01,ลพบุรี,ภาคกลาง,402651,370631.7,32019.3125,7.952125413819909
2025-12-01,ลพบุรี,ภาคกลาง,444711,421356.56,23354.4375,5.251598791125023
2025-01-01,ลำปาง,ภาคเหนือ,185879,191256.53,-5377.53125,-2.8930278568315946
2025-02-01,ลำปาง,ภาคเหนือ,153738,167917.0,-14179.0,-9.222833652057396
2025-03-01,ลำปาง,ภาคเหนือ,124443,130353.375,-5910.375,-4.7494636098454714
2025-04-01,ลำปาง,ภาคเหนือ,137268,159368.95,-22100.953125,-16.10058653509922
2025-05-01,ลำปาง,ภาคเหนือ,133035,153300.53,-20265.53125,-15.233232795880783
2025-06-01,ลำปาง,ภาคเหนือ,120456,131898.03,-11442.03125,-9.498930107259081
2025-07-01,ลำปาง,ภาคเหนือ,121140,138679.92,-17539.921875,-14.479050581971272
2025-08-01,ลำปาง,ภาคเหนือ,127071,133476.5,-6405.5,-5.040882656152859
2025-09-01,ลำปาง,ภาคเหนือ,122839,143737.98,-20898.984375,-17.01331366666938
2025-10-01,ลำปาง,ภาคเหนือ,177542,170036.98,7505.015625,4.227177583332395
2025-11-01,ลำปาง,ภาคเหนือ,205271,205823.48,-552.484375,-0.26914877162385337
2025-12-01,ลำปาง,ภาคเหนือ,247745,247823.14,-78.140625,-0.03154074754283639
2025-01-01,ลำพูน,ภาคเหนือ,128057,138335.31,-10278.3125,-8.026357403343823
2025-02-01,ลำพูน,ภาคเหนือ,107547,119840.54,-12293.5390625,-11.430852615600621
2025-03-01,ลำพูน,ภาคเหนือ,90952,90037.46,914.5390625,1.0055183640821532
2025-04-01,ลำพูน,ภาคเหนือ,116767,127935.38,-11168.3828125,-9.5646739339882
2025-05-01,ลำพูน,ภาคเหนือ,110458,125328.12,-14870.1171875,-13.462236494866827
2025-06-01,ลำพูน,ภาคเหนือ,100906,112572.24,-11666.2421875,-11.561495042415713
2025-07-01,ลำพูน,ภาคเหนือ,105937,106213.95,-276.953125,-0.2614319123630082
2025-08-01,ลำพูน,ภาคเหนือ,113962,104577.75,9384.25,8.234543093311805
2025-09-01,ลำพูน,ภาคเหนือ,103665,99907.055,3757.9453125,3.6250859137606715
2025-10-01,ลำพูน,ภาคเหนือ,118943,125199.945,-6256.9453125,-5.260456952069479
2025-11-01,ลำพูน,ภาคเหนือ,140458,135736.27,4721.734375,3.361669947599994
2025-12-01,ลำพูน,ภาคเหนือ,159094,153887.0,5207.0,3.2729078406476675
2025-01-01,ศรีสะเกษ,ภาคตะวันออกเฉียงเหนือ,94409,98427.17,-4018.171875,-4.256132227859632
2025-02-01,ศรีสะเกษ,ภาคตะวันออกเฉียงเหนือ,89110,93373.46,-4263.4609375,-4.784492130512849
2025-03-01,ศรีสะเกษ,ภาคตะวันออกเฉียงเหนือ,89265,91147.375,-1882.375,-2.1087492298213184
2025-04-01,ศรีสะเกษ,ภาคตะวันออกเฉียงเหนือ,103726,125448.09,-21722.09375,-20.94180220002699
2025-05-01,ศรีสะเกษ,ภาคตะวันออกเฉียงเหนือ,103056,125070.555,-22014.5546875,-21.361739915676914
2025-06-01,ศรีสะเกษ,ภาคตะวันออกเฉียงเหนือ,98244,106187.97,-7943.96875,-8.085958175562883
2025-07-01,ศรีสะเกษ,ภาคตะวันออกเฉียงเหนือ,88133,90626.36,-2493.359375,-2.8290871466987397
2025-08-01,ศรีสะเกษ,ภาคตะวันออกเฉียงเหนือ,96833,92218.836,4614.1640625,4.765073954643562
2025-09-01,ศรีสะเกษ,ภาคตะวันออกเฉียงเหนือ,87106,89586.266,-2480.265625,-2.847410769636994
2025-10-01,ศรีสะเกษ,ภาคตะวันออกเฉียงเหนือ,93881,92820.35,1060.6484375,1.129779654562691
2025-11-01,ศรีสะเกษ,ภาคตะวันออกเฉียงเหนือ,92231,94434.47,-2203.46875,-2.3890760698680484
2025-12-01,ศรีสะเกษ,ภาคตะวันออกเฉียงเหนือ,102793,106230.08,-3437.078125,-3.3436888941854015
2025-01-01,สกลนคร,ภาคตะวันออกเฉียงเหนือ,188005,179192.1,8812.90625,4.687591420440946
2025-02-01,สกลนคร,ภาคตะวันออกเฉียงเหนือ,166535,168067.08,-1532.078125,-0.9199736541868077
2025-03-01,สกลนคร,ภาคตะวันออกเฉียงเหนือ,169425,160019.64,9405.359375,5.551340932566032
2025-04-01,สกลนคร,ภาคตะวันออกเฉียงเหนือ,169483,189358.11,-19875.109375,-11.726904394541044
2025-05-01,สกลนคร,ภาคตะวันออกเฉียงเหนือ,154861,173628.0,-18767.0,-12.11860959182751
2025-06-01,สกลนคร,ภาคตะวันออกเฉียงเหนือ,148555,158942.36,-10387.359375,-6.992265070176029
2025-07-01,สกลนคร,ภาคตะวันออกเฉียงเหนือ,158260,169976.02,-11716.015625,-7.403017581827373
2025-08-01,สกลนคร,ภาคตะวันออกเฉียงเหนือ,172507,177285.53,-4778.53125,-2.7700506356263803
2025-09-01,สกลนคร,ภาคตะวันออกเฉียงเหนือ,133448,148498.83,-15050.828125,-11.278421651130028
2025-10-01,สกลนคร,ภาคตะวันออกเฉียงเหนือ,158336,163426.88,-5090.875,-3.215235322352466
2025-11-01,สกลนคร,ภาคตะวันออกเฉียงเหนือ,147613,155381.39,-7768.390625,-5.262673765183283
2025-12-01,สกลนคร,ภาคตะวันออกเฉียงเหนือ,189270,176359.19,12910.8125,6.821372906429968
2025-01-01,สงขลา,ภาคใต้,681866,549376.1,132489.875,19.430485608609317
2025-02-01,สงขลา,ภาคใต้,653085,551129.56,101955.4375,15.611358016184724
2025-03-01,สงขลา,ภาคใต้,629142,529106.2,100035.8125,15.90035516624228
2025-04-01,สงขลา,ภาคใต้,636936,653399.0,-16463.0,-2.5847180878455607
2025-05-01,สงขลา,ภาคใต้,614163,646047.94,-31884.9375,-5.191608335246506
2025-06-01,สงขลา,ภาคใต้,606635,632242.94,-25607.9375,-4.221308941950267
2025-07-01,สงขลา,ภาคใต้,570923,609758.8,-38835.8125,-6.802285509604624
2025-08-01,สงขลา,ภาคใต้,609886,611464.44,-1578.4375,-0.2588086134129985
2025-09-01,สงขลา,ภาคใต้,565786,601485.75,-35699.75,-6.309761994817828
2025-10-01,สงขลา,ภาคใต้,577113,598418.5,-21305.5,-3.6917380131793944
2025-11-01,สงขลา,ภาคใต้,412902,502867.94,-89965.9375,-21.7886901734552
2025-12-01,สงขลา,ภาคใต้,410162,466764.75,-56602.75,-13.800096059605716
2025-01-01,สตูล,ภาคใต้,189148,207259.19,-18111.1875,-9.57514089496056
2025-02-01,สตูล,ภาคใต้,170650,195037.0,-24387.0,-14.290653384119542
2025-03-01,สตูล,ภาคใต้,183157,193828.9,-10671.90625,-5.826643944812374
2025-04-01,สตูล,ภาคใต้,268489,279787.47,-11298.46875,-4.208168211733069
2025-05-01,สตูล,ภาคใต้,241833,273004.62,-31171.625,-12.88973175703895
2025-06-01,สตูล,ภาคใต้,213302,252336.3,-39034.296875,-18.300014474782234
2025-07-01,สตูล,ภาคใต้,190639,237834.23,-47195.234375,-24.75633756733932
2025-08-01,สตูล,ภาคใต้,207655,224597.27,-16942.265625,-8.158852724470878
2025-09-01,สตูล,ภาคใต้,181645,221325.5,-39680.5,-21.845082441025077
2025-10-01,สตูล,ภาคใต้,210100,234435.89,-24335.890625,-11.583003629224178
2025-11-01,สตูล,ภาคใต้,145530,202974.11,-57444.109375,-39.4723489143132
2025-12-01,สตูล,ภาคใต้,189023,195436.8,-6413.796875,-3.3931303994751962
2025-01-01,สมุทรปราการ,ภาคกลาง,415978,373356.8,42621.1875,10.24601962122997
2025-02-01,สมุทรปราการ,ภาคกลาง,395459,404253.94,-8794.9375,-2.223982132155293
2025-03-01,สมุทรปราการ,ภาคกลาง,383665,379705.25,3959.75,1.0320852827336349
2025-04-01,สมุทรปราการ,ภาคกลาง,417003,434689.22,-17686.21875,-4.241268947705413
2025-05-01,สมุทรปราการ,ภาคกลาง,380537,408418.5,-27881.5,-7.326882799832868
2025-06-01,สมุทรปราการ,ภาคกลาง,376817,380592.6,-3775.59375,-1.0019701207748057
2025-07-01,สมุทรปราการ,ภาคกลาง,319840,375539.75,-55699.75,-17.414879314657327
2025-08-01,สมุทรปราการ,ภาคกลาง,328398,335848.88,-7450.875,-2.268855169641715
2025-09-01,สมุทรปราการ,ภาคกลาง,303089,322197.38,-19108.375,-6.304542560106108
2025-10-01,สมุทรปราการ,ภาคกลาง,314851,329872.66,-15021.65625,-4.771036537917936
2025-11-01,สมุทรปราการ,ภาคกลาง,308788,343790.38,-35002.375,-11.335406492480278
2025-12-01,สมุทรปราการ,ภาคกลาง,331670,352737.28,-21067.28125,-6.351880257484849
2025-01-01,สมุทรสงคราม,ภาคกลาง,533770,489044.4,44725.59375,8.379188367648988
2025-02-01,สมุทรสงคราม,ภาคกลาง,512547,475488.6,37058.40625,7.230245470171516
2025-03-01,สมุทรสงคราม,ภาคกลาง,494974,449513.5,45460.5,9.184421808014157
2025-04-01,สมุทรสงคราม,ภาคกลาง,490620,554110.06,-63490.0625,-12.94078156210509
2025-05-01,สมุทรสงคราม,ภาคกลาง,503435,542339.5,-38904.5,-7.727809945673226
2025-06-01,สมุทรสงคราม,ภาคกลาง,461265,504311.3,-43046.3125,-9.33223038817166
2025-07-01,สมุทรสงคราม,ภาคกลาง,376957,455467.4,-78510.40625,-20.827416986552844
2025-08-01,สมุทรสงคราม,ภาคกลาง,369787,395389.88,-25602.875,-6.923681741110423
2025-09-01,สมุทรสงคราม,ภาคกลาง,380405,407051.44,-26646.4375,-7.004754800804405
2025-10-01,สมุทรสงคราม,ภาคกลาง,403559,398592.1,4966.90625,1.230775735394329
2025-11-01,สมุทรสงคราม,ภาคกลาง,407964,383006.34,24957.65625,6.117612399623496
2025-12-01,สมุทรสงคราม,ภาคกลาง,480304,455691.6,24612.40625,5.124339220576967
2025-01-01,สมุทรสาคร,ภาคกลาง,154535,137497.97,17037.03125,11.024707186074352
2025-02-01,สมุทรสาคร,ภาคกลาง,149761,151836.89,-2075.890625,-1.3861356594841114
2025-03-01,สมุทรสาคร,ภาคกลาง,154755,153677.0,1078.0,0.6965849245581726
2025-04-01,สมุทรสาคร,ภาคกลาง,149328,164739.34,-15411.34375,-10.320464849191042
2025-05-01,สมุทรสาคร,ภาคกลาง,139042,144743.03,-5701.03125,-4.100222414809913
2025-06-01,สมุทรสาคร,ภาคกลาง,142142,143181.73,-1039.734375,-0.7314758305075206
2025-07-01,สมุทรสาคร,ภาคกลาง,125267,132783.62,-7516.625,-6.000482968379541
2025-08-01,สมุทรสาคร,ภาคกลาง,116377,118966.89,-2589.890625,-2.225431678939997
2025-09-01,สมุทรสาคร,ภาคกลาง,120857,131968.72,-11111.71875,-9.194104396104487
2025-10-01,สมุทรสาคร,ภาคกลาง,118487,126437.11,-7950.109375,-6.709689143112746
2025-11-01,สมุทรสาคร,ภาคกลาง,115309,122890.65,-7581.6484375,-6.575070842258627
2025-12-01,สมุทรสาคร,ภาคกลาง,135253,137416.17,-2163.171875,-1.5993522324828287
2025-01-01,สระบุรี,ภาคกลาง,435546,457165.06,-21619.0625,-4.9636691646806534
2025-02-01,สระบุรี,ภาคกลาง,414945,437237.0,-22292.0,-5.372278253744472
2025-03-01,สระบุรี,ภาคกลาง,396386,411795.88,-15409.875,-3.8875931541477247
2025-04-01,สระบุรี,ภาคกลาง,420302,483451.7,-63149.6875,-15.024836308178404
2025-05-01,สระบุรี,ภาคกลาง,398021,475116.4,-77095.40625,-19.369683069486282
2025-06-01,สระบุรี,ภาคกลาง,400779,437978.53,-37199.53125,-9.28180649435225
2025-07-01,สระบุรี,ภาคกลาง,401100,422797.44,-21697.4375,-5.409483295936175
2025-08-01,สระบุรี,ภาคกลาง,394861,409149.5,-14288.5,-3.61861515824556
2025-09-01,สระบุรี,ภาคกลาง,382534,398681.94,-16147.9375,-4.221307779177798
2025-10-01,สระบุรี,ภาคกลาง,448685,478195.75,-29510.75,-6.57716438035593
2025-11-01,สระบุรี,ภาคกลาง,492585,501131.25,-8546.25,-1.7349797496878712
2025-12-01,สระบุรี,ภาคกลาง,531756,546076.6,-14320.625,-2.6930819774483035
2025-01-01,สระแก้ว,ภาคตะวันออก,138694,146263.77,-7569.765625,-5.457889760912512
2025-02-01,สระแก้ว,ภาคตะวันออก,131812,147442.92,-15630.921875,-11.858496855369768
2025-03-01,สระแก้ว,ภาคตะวันออก,127816,145061.98,-17245.984375,-13.492821223477499
2025-04-01,สระแก้ว,ภาคตะวันออก,184633,180604.81,4028.1875,2.1817267227418715
2025-05-01,สระแก้ว,ภาคตะวันออก,146199,171837.73,-25638.734375,-17.536873969726194
2025-06-01,สระแก้ว,ภาคตะวันออก,98797,118664.27,-19867.2734375,-20.109186956587752
2025-07-01,สระแก้ว,ภาคตะวันออก,83372,103738.62,-20366.6171875,-24.428605751931105
2025-08-01,สระแก้ว,ภาคตะวันออก,90521,88163.55,2357.453125,2.604316263629434
2025-09-01,สระแก้ว,ภาคตะวันออก,89173,88473.15,699.8515625,0.7848245124645351
2025-10-01,สระแก้ว,ภาคตะวันออก,95234,101768.76,-6534.7578125,-6.861790760127685
2025-11-01,สระแก้ว,ภาคตะวันออก,100992,111328.42,-10336.421875,-10.234891748851393
2025-12-01,สระแก้ว,ภาคตะวันออก,78596,96762.16,-18166.15625,-23.113334329991346
2025-01-01,สิงห์บุรี,ภาคกลาง,73099,65643.24,7455.7578125,10.199534620856648
2025-02-01,สิงห์บุรี,ภาคกลาง,71723,68265.74,3457.2578125,4.8202916951326635
2025-03-01,สิงห์บุรี,ภาคกลาง,76272,74675.35,1596.6484375,2.093361177758548
2025-04-01,สิงห์บุรี,ภาคกลาง,89055,95295.74,-6240.7421875,-7.007739248217394
2025-05-01,สิงห์บุรี,ภาคกลาง,84950,90139.92,-5189.921875,-6.109384196586228
2025-06-01,สิงห์บุรี,ภาคกลาง,83592,80034.86,3557.140625,4.2553601122116955
2025-07-01,สิงห์บุรี,ภาคกลาง,81187,79351.36,1835.640625,2.2610031470555634
2025-08-01,สิงห์บุรี,ภาคกลาง,80783,72442.125,8340.875,10.325037445997301
2025-09-01,สิงห์บุรี,ภาคกลาง,77501,72470.78,5030.21875,6.490521090050451
2025-10-01,สิงห์บุรี,ภาคกลาง,65242,61414.023,3827.9765625,5.867350115723
2025-11-01,สิงห์บุรี,ภาคกลาง,69424,63436.035,5987.96484375,8.625208636422563
2025-12-01,สิงห์บุรี,ภาคกลาง,81880,74554.88,7325.1171875,8.946161684782608
2025-01-01,สุพรรณบุรี,ภาคกลาง,651471,503955.16,147515.84375,22.64350120726786
2025-02-01,สุพรรณบุรี,ภาคกลาง,615675,557315.2,58359.8125,9.478996629715352
2025-03-01,สุพรรณบุรี,ภาคกลาง,526761,541271.44,-14510.4375,-2.7546529640577035
2025-04-01,สุพรรณบุรี,ภาคกลาง,597653,635278.4,-37625.375,-6.295521816170922
2025-05-01,สุพรรณบุรี,ภาคกลาง,492059,596634.2,-104575.1875,-21.252570829920803
2025-06-01,สุพรรณบุรี,ภาคกลาง,478782,514322.78,-35540.78125,-7.423165710072642
2025-07-01,สุพรรณบุรี,ภาคกลาง,417924,441097.62,-23173.625,-5.544937596309377
2025-08-01,สุพรรณบุรี,ภาคกลาง,394774,405983.6,-11209.59375,-2.8394964587333513
2025-09-01,สุพรรณบุรี,ภาคกลาง,386561,400301.94,-13740.9375,-3.5546621361182322
2025-10-01,สุพรรณบุรี,ภาคกลาง,410615,425900.44,-15285.4375,-3.7225716303593392
2025-11-01,สุพรรณบุรี,ภาคกลาง,436947,443642.34,-6695.34375,-1.5323011143227898
2025-12-01,สุพรรณบุรี,ภาคกลาง,539941,511232.88,28708.125,5.316900365039884
2025-01-01,สุราษฎร์ธานี,ภาคใต้,726586,677908.0,48678.0,6.6995510510799825
2025-02-01,สุราษฎร์ธานี,ภาคใต้,706706,643168.4,63537.625,8.990672924808903
2025-03-01,สุราษฎร์ธานี,ภาคใต้,790330,654385.06,135944.9375,17.201034694368175
2025-04-01,สุราษฎร์ธานี,ภาคใต้,852126,791373.75,60752.25,7.129491413241704
2025-05-01,สุราษฎร์ธานี,ภาคใต้,757059,778944.3,-21885.3125,-2.890833145104939
2025-06-01,สุราษฎร์ธานี,ภาคใต้,695026,748328.25,-53302.25,-7.669101587566509
2025-07-01,สุราษฎร์ธานี,ภาคใต้,725450,760256.7,-34806.6875,-4.7979443793507475
2025-08-01,สุราษฎร์ธานี,ภาคใต้,754937,762976.75,-8039.75,-1.0649564135815308
2025-09-01,สุราษฎร์ธานี,ภาคใต้,722572,766205.3,-43633.3125,-6.038611031149837
2025-10-01,สุราษฎร์ธานี,ภาคใต้,710851,752654.44,-41803.4375,-5.880759469987382
2025-11-01,สุราษฎร์ธานี,ภาคใต้,729568,733335.9,-3767.875,-0.5164528871880345
2025-12-01,สุราษฎร์ธานี,ภาคใต้,928394,827415.5,100978.5,10.87668597599726
2025-01-01,สุรินทร์,ภาคตะวันออกเฉียงเหนือ,119134,117619.21,1514.7890625,1.2715002119462118
2025-02-01,สุรินทร์,ภาคตะวันออกเฉียงเหนือ,120069,126767.16,-6698.15625,-5.578589186217925
2025-03-01,สุรินทร์,ภาคตะวันออกเฉียงเหนือ,121812,129287.805,-7475.8046875,-6.1371660324926935
2025-04-01,สุรินทร์,ภาคตะวันออกเฉียงเหนือ,118896,142705.56,-23809.5625,-20.025537023953706
2025-05-01,สุรินทร์,ภาคตะวันออกเฉียงเหนือ,110113,132826.38,-22713.375,-20.62733283081925
2025-06-01,สุรินทร์,ภาคตะวันออกเฉียงเหนือ,109387,123081.43,-13694.4296875,-12.51924788823169
2025-07-01,สุรินทร์,ภาคตะวันออกเฉียงเหนือ,97315,112228.12,-14913.1171875,-15.324582220109953
2025-08-01,สุรินทร์,ภาคตะวันออกเฉียงเหนือ,91909,98318.92,-6409.921875,-6.974204784079905
2025-09-01,สุรินทร์,ภาคตะวันออกเฉียงเหนือ,93458,104104.06,-10646.0625,-11.391280040231976
2025-10-01,สุรินทร์,ภาคตะวันออกเฉียงเหนือ,93037,103452.61,-10415.609375,-11.195125998258758
2025-11-01,สุรินทร์,ภาคตะวันออกเฉียงเหนือ,107381,106820.234,560.765625,0.5222205278401207
2025-12-01,สุรินทร์,ภาคตะวันออกเฉียงเหนือ,109740,117212.51,-7472.5078125,-6.809283590759978
2025-01-01,สุโขทัย,ภาคเหนือ,144206,126402.555,17803.4453125,12.345842275980196
2025-02-01,สุโขทัย,ภาคเหนือ,116074,114711.56,1362.4375,1.1737663042541826
2025-03-01,สุโขทัย,ภาคเหนือ,109036,105630.52,3405.4765625,3.1232588892659305
2025-04-01,สุโขทัย,ภาคเหนือ,112608,119854.164,-7246.1640625,-6.434857259253339
2025-05-01,สุโขทัย,ภาคเหนือ,121793,128498.46,-6705.4609375,-5.5056209613853015
2025-06-01,สุโขทัย,ภาคเหนือ,113623,118748.234,-5125.234375,-4.510736712637406
2025-07-01,สุโขทัย,ภาคเหนือ,99732,114179.27,-14447.2734375,-14.486096175249669
2025-08-01,สุโขทัย,ภาคเหนือ,105348,107216.086,-1868.0859375,-1.7732523991912517
2025-09-01,สุโขทัย,ภาคเหนือ,94162,102316.82,-8154.8203125,-8.660415361292241
2025-10-01,สุโขทัย,ภาคเหนือ,141438,129401.07,12036.9296875,8.510393025565973
2025-11-01,สุโขทัย,ภาคเหนือ,153013,146380.45,6632.546875,4.334629655650173
2025-12-01,สุโขทัย,ภาคเหนือ,153153,158143.95,-4990.953125,-3.2588020639491226
2025-01-01,หนองคาย,ภาคตะวันออกเฉียงเหนือ,316165,320415.25,-4250.25,-1.344313886736356
2025-02-01,หนองคาย,ภาคตะวันออกเฉียงเหนือ,318611,309140.38,9470.625,2.9724727018213435
2025-03-01,หนองคาย,ภาคตะวันออกเฉียงเหนือ,314146,307054.1,7091.90625,2.2575191948966404
2025-04-01,หนองคาย,ภาคตะวันออกเฉียงเหนือ,358404,362714.25,-4310.25,-1.2026232966149932
2025-05-01,หนองคาย,ภาคตะวันออกเฉียงเหนือ,313235,358272.12,-45037.125,-14.378062796303096
2025-06-01,หนองคาย,ภาคตะวันออกเฉียงเหนือ,302659,326809.16,-24150.15625,-7.979328633875086
2025-07-01,หนองคาย,ภาคตะวันออกเฉียงเหนือ,331763,323418.16,8344.84375,2.515302716095526
2025-08-01,หนองคาย,ภาคตะวันออกเฉียงเหนือ,319791,308322.62,11468.375,3.5862094305343177
2025-09-01,หนองคาย,ภาคตะวันออกเฉียงเหนือ,309616,323668.75,-14052.75,-4.538767376362979
2025-10-01,หนองคาย,ภาคตะวันออกเฉียงเหนือ,349162,326309.25,22852.75,6.54502780944089
2025-11-01,หนองคาย,ภาคตะวันออกเฉียงเหนือ,303884,307238.34,-3354.34375,-1.1038237452448962
2025-12-01,หนองคาย,ภาคตะวันออกเฉียงเหนือ,345254,325162.44,20091.5625,5.819356908247261
2025-01-01,หนองบัวลำภู,ภาคตะวันออกเฉียงเหนือ,35281,32884.4,2396.6015625,6.792895786684052
2025-02-01,หนองบัวลำภู,ภาคตะวันออกเฉียงเหนือ,30949,34054.11,-3105.109375,-10.03298773789137
2025-03-01,หนองบัวลำภู,ภาคตะวันออกเฉียงเหนือ,31462,36568.7,-5106.69921875,-16.231324196649926
2025-04-01,หนองบัวลำภู,ภาคตะวันออกเฉียงเหนือ,38288,53309.812,-15021.8125,-39.23373511282908
2025-05-01,หนองบัวลำภู,ภาคตะวันออกเฉียงเหนือ,34531,43891.934,-9360.93359375,-27.108782235527496
2025-06-01,หนองบัวลำภู,ภาคตะวันออกเฉียงเหนือ,32052,37714.043,-5662.04296875,-17.66517836250468
2025-07-01,หนองบัวลำภู,ภาคตะวันออกเฉียงเหนือ,33879,34816.87,-937.87109375,-2.768296271288999
2025-08-01,หนองบัวลำภู,ภาคตะวันออกเฉียงเหนือ,29793,27765.912,2027.087890625,6.803906590893834
2025-09-01,หนองบัวลำภู,ภาคตะวันออกเฉียงเหนือ,29552,27563.607,1988.392578125,6.728453499340146
2025-10-01,หนองบัวลำภู,ภาคตะวันออกเฉียงเหนือ,31704,28533.996,3170.00390625,9.998750650548827
2025-11-01,หนองบัวลำภู,ภาคตะวันออกเฉียงเหนือ,33266,30617.795,2648.205078125,7.960695839971743
2025-12-01,หนองบัวลำภู,ภาคตะวันออกเฉียงเหนือ,34442,33237.008,1204.9921875,3.4986127039660877
2025-01-01,อำนาจเจริญ,ภาคตะวันออกเฉียงเหนือ,24409,24089.05,319.94921875,1.3107838041296243
2025-02-01,อำนาจเจริญ,ภาคตะวันออกเฉียงเหนือ,23401,24990.045,-1589.044921875,-6.7905000721123026
2025-03-01,อำนาจเจริญ,ภาคตะวันออกเฉียงเหนือ,22190,23785.18,-1595.1796875,-7.188732255520505
2025-04-01,อำนาจเจริญ,ภาคตะวันออกเฉียงเหนือ,29442,34605.0,-5163.0,-17.536172814346852
2025-05-01,อำนาจเจริญ,ภาคตะวันออกเฉียงเหนือ,28277,34316.832,-6039.83203125,-21.35952198341408
2025-06-01,อำนาจเจริญ,ภาคตะวันออกเฉียงเหนือ,24074,26845.148,-2771.1484375,-11.510959697183685
2025-07-01,อำนาจเจริญ,ภาคตะวันออกเฉียงเหนือ,23932,25758.988,-1826.98828125,-7.634081068234999
2025-08-01,อำนาจเจริญ,ภาคตะวันออกเฉียงเหนือ,22342,19108.7,3233.30078125,14.47185024281622
2025-09-01,อำนาจเจริญ,ภาคตะวันออกเฉียงเหนือ,21637,15754.508,5882.4921875,27.1871894786708
2025-10-01,อำนาจเจริญ,ภาคตะวันออกเฉียงเหนือ,22649,18427.594,4221.40625,18.638378074087157
2025-11-01,อำนาจเจริญ,ภาคตะวันออกเฉียงเหนือ,23898,20929.691,2968.30859375,12.420740621600133
2025-12-01,อำนาจเจริญ,ภาคตะวันออกเฉียงเหนือ,30483,28204.742,2278.2578125,7.473863505888528
2025-01-01,อุดรธานี,ภาคตะวันออกเฉียงเหนือ,433598,434009.16,-411.15625,-0.09482429577627204
2025-02-01,อุดรธานี,ภาคตะวันออกเฉียงเหนือ,400007,408369.9,-8362.90625,-2.09068997542543
2025-03-01,อุดรธานี,ภาคตะวันออกเฉียงเหนือ,422125,405570.97,16554.03125,3.921594610601125
2025-04-01,อุดรธานี,ภาคตะวันออกเฉียงเหนือ,471407,493609.28,-22202.28125,-4.709790319193393
2025-05-01,อุดรธานี,ภาคตะวันออกเฉียงเหนือ,440354,482323.0,-41969.0,-9.530741176417155
2025-06-01,อุดรธานี,ภาคตะวันออกเฉียงเหนือ,416272,462018.6,-45746.59375,-10.989591841392167
2025-07-01,อุดรธานี,ภาคตะวันออกเฉียงเหนือ,385199,439179.88,-53980.875,-14.013763015999523
2025-08-01,อุดรธานี,ภาคตะวันออกเฉียงเหนือ,414183,417026.7,-2843.6875,-0.6865775514687952
2025-09-01,อุดรธานี,ภาคตะวันออกเฉียงเหนือ,412803,447640.25,-34837.25,-8.43919496709084
2025-10-01,อุดรธานี,ภาคตะวันออกเฉียงเหนือ,463198,460845.53,2352.46875,0.5078754118109318
2025-11-01,อุดรธานี,ภาคตะวันออกเฉียงเหนือ,423960,447817.44,-23857.4375,-5.627285003302198
2025-12-01,อุดรธานี,ภาคตะวันออกเฉียงเหนือ,478211,481848.84,-3637.84375,-0.7607193791025301
2025-01-01,อุตรดิตถ์,ภาคเหนือ,113656,98364.51,15291.4921875,13.454188241271908
2025-02-01,อุตรดิตถ์,ภาคเหนือ,100142,95667.45,4474.546875,4.46820202812007
2025-03-01,อุตรดิตถ์,ภาคเหนือ,106175,95226.08,10948.921875,10.312146809512598
2025-04-01,อุตรดิตถ์,ภาคเหนือ,96624,106892.09,-10268.09375,-10.626856422834905
2025-05-01,อุตรดิตถ์,ภาคเหนือ,91257,98258.9,-7001.8984375,-7.67272476357978
2025-06-01,อุตรดิตถ์,ภาคเหนือ,89582,93736.86,-4154.859375,-4.6380515896050545
2025-07-01,อุตรดิตถ์,ภาคเหนือ,94563,98032.51,-3469.5078125,-3.6689908447278534
2025-08-01,อุตรดิตถ์,ภาคเหนือ,95173,95237.84,-64.84375,-0.0681325060678974
2025-09-01,อุตรดิตถ์,ภาคเหนือ,85171,90678.84,-5507.84375,-6.466806483427458
2025-10-01,อุตรดิตถ์,ภาคเหนือ,96781,96727.12,53.8828125,0.05567499044233889
2025-11-01,อุตรดิตถ์,ภาคเหนือ,110590,109381.945,1208.0546875,1.0923724455194863
2025-12-01,อุตรดิตถ์,ภาคเหนือ,120307,115853.516,4453.484375,3.701766626214601
2025-01-01,อุทัยธานี,ภาคเหนือ,96464,76512.22,19951.78125,20.68313697337867
2025-02-01,อุทัยธานี,ภาคเหนือ,87430,70999.0,16431.0,18.79332037058218
2025-03-01,อุทัยธานี,ภาคเหนือ,84630,66718.516,17911.484375,21.16446221788964
2025-04-01,อุทัยธานี,ภาคเหนือ,85386,85619.734,-233.734375,-0.27373852270864074
2025-05-01,อุทัยธานี,ภาคเหนือ,82312,78305.62,4006.3828125,4.867313165152104
2025-06-01,อุทัยธานี,ภาคเหนือ,80101,69941.45,10159.546875,12.683420775021537
2025-07-01,อุทัยธานี,ภาคเหนือ,85111,78848.76,6262.2421875,7.357735413166336
2025-08-01,อุทัยธานี,ภาคเหนือ,84521,74971.414,9549.5859375,11.298477227552915
2025-09-01,อุทัยธานี,ภาคเหนือ,81422,73752.64,7669.359375,9.41927166490629
2025-10-01,อุทัยธานี,ภาคเหนือ,93212,87079.89,6132.109375,6.578669457795133
2025-11-01,อุทัยธานี,ภาคเหนือ,90254,89072.734,1181.265625,1.3088235701464754
2025-12-01,อุทัยธานี,ภาคเหนือ,110591,105171.73,5419.2734375,4.900284324673798
2025-01-01,อุบลราชธานี,ภาคตะวันออกเฉียงเหนือ,448836,290226.8,158609.1875,35.33789346220001
2025-02-01,อุบลราชธานี,ภาคตะวันออกเฉียงเหนือ,457840,315060.94,142779.0625,31.185362244452207
2025-03-01,อุบลราชธานี,ภาคตะวันออกเฉียงเหนือ,450037,323649.06,126387.9375,28.0838992127314
2025-04-01,อุบลราชธานี,ภาคตะวันออกเฉียงเหนือ,436673,449683.28,-13010.28125,-2.9794105085498757
2025-05-01,อุบลราชธานี,ภาคตะวันออกเฉียงเหนือ,354614,407252.16,-52638.15625,-14.843789655794751
2025-06-01,อุบลราชธานี,ภาคตะวันออกเฉียงเหนือ,262492,298940.7,-36448.6875,-13.885637467046616
2025-07-01,อุบลราชธานี,ภาคตะวันออกเฉียงเหนือ,237168,262852.94,-25684.9375,-10.829849515954935
2025-08-01,อุบลราชธานี,ภาคตะวันออกเฉียงเหนือ,233399,232435.25,963.75,0.4129195069387615
2025-09-01,อุบลราชธานี,ภาคตะวันออกเฉียงเหนือ,229524,223150.08,6373.921875,2.7770175994667223
2025-10-01,อุบลราชธานี,ภาคตะวันออกเฉียงเหนือ,263635,259106.1,4528.90625,1.7178698769131564
2025-11-01,อุบลราชธานี,ภาคตะวันออกเฉียงเหนือ,259403,259595.6,-192.59375,-0.07424499716657093
2025-12-01,อุบลราชธานี,ภาคตะวันออกเฉียงเหนือ,271384,282800.8,-11416.8125,-4.206884893729917
2025-01-01,อ่างทอง,ภาคกลาง,103705,92281.63,11423.3671875,11.015252097295212
2025-02-01,อ่างทอง,ภาคกลาง,103633,103132.625,500.375,0.48283365337296036
2025-03-01,อ่างทอง,ภาคกลาง,105193,107550.9,-2357.8984375,-2.2414974736912154
2025-04-01,อ่างทอง,ภาคกลาง,112563,129484.51,-16921.5078125,-15.032921841546512
2025-05-01,อ่างทอง,ภาคกลาง,103352,113560.695,-10208.6953125,-9.877598220160229
2025-06-01,อ่างทอง,ภาคกลาง,98032,100862.7,-2830.703125,-2.887529709686633
2025-07-01,อ่างทอง,ภาคกลาง,97465,94350.35,3114.6484375,3.195658377366234
2025-08-01,อ่างทอง,ภาคกลาง,102058,91769.84,10288.15625,10.080695535871758
2025-09-01,อ่างทอง,ภาคกลาง,104046,99803.695,4242.3046875,4.077335685658266
2025-10-01,อ่างทอง,ภาคกลาง,86228,84862.36,1365.640625,1.5837554216727743
2025-11-01,อ่างทอง,ภาคกลาง,84271,74233.88,10037.1171875,11.910523415528473
2025-12-01,อ่างทอง,ภาคกลาง,100618,91515.56,9102.4375,9.04652994494027
2025-01-01,เชียงราย,ภาคเหนือ,726096,581977.4,144118.625,19.84842569026685
2025-02-01,เชียงราย,ภาคเหนือ,597491,588526.4,8964.625,1.5003782483752894
2025-03-01,เชียงราย,ภาคเหนือ,534263,533351.56,911.4375,0.17059715907708375
2025-04-01,เชียงราย,ภาคเหนือ,562066,646460.0,-84394.0,-15.014962655631189
2025-05-01,เชียงราย,ภาคเหนือ,531771,589104.75,-57333.75,-10.781661655110941
2025-06-01,เชียงราย,ภาคเหนือ,457749,510982.16,-53233.15625,-11.629333160749669
2025-07-01,เชียงราย,ภาคเหนือ,407471,462745.8,-55274.8125,-13.565336551558271
2025-08-01,เชียงราย,ภาคเหนือ,419584,421847.97,-2263.96875,-0.5395746143799572
2025-09-01,เชียงราย,ภาคเหนือ,368580,426100.28,-57520.28125,-15.60591493027294
2025-10-01,เชียงราย,ภาคเหนือ,535291,531835.1,3455.875,0.6456067821054343
2025-11-01,เชียงราย,ภาคเหนือ,615416,622884.06,-7468.0625,-1.2134982678383401
2025-12-01,เชียงราย,ภาคเหนือ,707369,724185.75,-16816.75,-2.3773659857867675
2025-01-01,เชียงใหม่,ภาคเหนือ,1286957,864692.06,422264.9375,32.811114707018184
2025-02-01,เชียงใหม่,ภาคเหนือ,1161804,880606.3,281197.6875,24.203539280291682
2025-03-01,เชียงใหม่,ภาคเหนือ,881253,845730.8,35522.1875,4.030872802702516
2025-04-01,เชียงใหม่,ภาคเหนือ,946868,930191.7,16676.3125,1.7612077396215735
2025-05-01,เชียงใหม่,ภาคเหนือ,954868,866259.06,88608.9375,9.279705414779844
2025-06-01,เชียงใหม่,ภาคเหนือ,881574,773675.6,107898.375,12.239287342866282
2025-07-01,เชียงใหม่,ภาคเหนือ,712639,730286.2,-17647.1875,-2.476315146939755
2025-08-01,เชียงใหม่,ภาคเหนือ,773592,768626.75,4965.25,0.6418435040693286
2025-09-01,เชียงใหม่,ภาคเหนือ,733106,790770.56,-57664.5625,-7.865787826044255
2025-10-01,เชียงใหม่,ภาคเหนือ,1026134,838078.44,188055.5625,18.326608659297907
2025-11-01,เชียงใหม่,ภาคเหนือ,1248281,1113785.2,134495.75,10.774477060854085
2025-12-01,เชียงใหม่,ภาคเหนือ,1348173,1335992.2,12180.75,0.9035005151416028
2025-01-01,เพชรบุรี,ภาคกลาง,986900,801382.7,185517.3125,18.797984851555373
2025-02-01,เพชรบุรี,ภาคกลาง,915475,793620.3,121854.6875,13.310542341407466
2025-03-01,เพชรบุรี,ภาคกลาง,928936,838301.1,90634.875,9.756848157461869
2025-04-01,เพชรบุรี,ภาคกลาง,967142,996251.3,-29109.3125,-3.0098281844858352
2025-05-01,เพชรบุรี,ภาคกลาง,969428,980048.5,-10620.5,-1.095542938722628
2025-06-01,เพชรบุรี,ภาคกลาง,817709,875875.2,-58166.1875,-7.113311398064592
2025-07-01,เพชรบุรี,ภาคกลาง,906543,878068.9,28474.125,3.1409569099314654
2025-08-01,เพชรบุรี,ภาคกลาง,859668,862522.06,-2854.0625,-0.33199589841659805
2025-09-01,เพชรบุรี,ภาคกลาง,790027,831316.0,-41289.0,-5.226277076606243
2025-10-01,เพชรบุรี,ภาคกลาง,829107,840388.3,-11281.3125,-1.3606582141991324
2025-11-01,เพชรบุรี,ภาคกลาง,824979,827403.3,-2424.3125,-0.2938635407689166
2025-12-01,เพชรบุรี,ภาคกลาง,1035346,986707.56,48638.4375,4.697795471272405
2025-01-01,เพชรบูรณ์,ภาคเหนือ,321460,263756.4,57703.59375,17.95047400920799
2025-02-01,เพชรบูรณ์,ภาคเหนือ,250648,227456.66,23191.34375,9.252554877756854
2025-03-01,เพชรบูรณ์,ภาคเหนือ,195297,174932.69,20364.3125,10.427355514933666
2025-04-01,เพชรบูรณ์,ภาคเหนือ,229672,210732.52,18939.484375,8.246318391009789
2025-05-01,เพชรบูรณ์,ภาคเหนือ,230994,225283.92,5710.078125,2.4719594989480247
2025-06-01,เพชรบูรณ์,ภาคเหนือ,213365,205647.97,7717.03125,3.6168215264921617
2025-07-01,เพชรบูรณ์,ภาคเหนือ,192121,205514.78,-13393.78125,-6.971534215416327
2025-08-01,เพชรบูรณ์,ภาคเหนือ,193064,191247.36,1816.640625,0.9409525468238512
2025-09-01,เพชรบูรณ์,ภาคเหนือ,196842,202051.97,-5209.96875,-2.6467769835705797
2025-10-01,เพชรบูรณ์,ภาคเหนือ,220309,225229.98,-4920.984375,-2.233673783186343
2025-11-01,เพชรบูรณ์,ภาคเหนือ,251092,242814.7,8277.296875,3.296519552594268
2025-12-01,เพชรบูรณ์,ภาคเหนือ,309961,279032.8,30928.1875,9.978089985514305
2025-01-01,เลย,ภาคตะวันออกเฉียงเหนือ,222229,216847.92,5381.078125,2.4214113032052524
2025-02-01,เลย,ภาคตะวันออกเฉียงเหนือ,204173,204077.6,95.40625,0.046728142310687504
2025-03-01,เลย,ภาคตะวันออกเฉียงเหนือ,189644,182570.73,7073.265625,3.7297597735757524
2025-04-01,เลย,ภาคตะวันออกเฉียงเหนือ,190666,204038.02,-13372.015625,-7.013319430312694
2025-05-01,เลย,ภาคตะวันออกเฉียงเหนือ,201560,214341.95,-12781.953125,-6.341512762948998
2025-06-01,เลย,ภาคตะวันออกเฉียงเหนือ,346991,245732.1,101258.90625,29.1819978760256
2025-07-01,เลย,ภาคตะวันออกเฉียงเหนือ,183960,219129.34,-35169.34375,-19.11792984888019
2025-08-01,เลย,ภาคตะวันออกเฉียงเหนือ,176025,192727.45,-16702.453125,-9.488682360460162
2025-09-01,เลย,ภาคตะวันออกเฉียงเหนือ,173311,209649.45,-36338.453125,-20.96719372976903
2025-10-01,เลย,ภาคตะวันออกเฉียงเหนือ,188104,197954.52,-9850.515625,-5.2367390512695104
2025-11-01,เลย,ภาคตะวันออกเฉียงเหนือ,192647,187733.94,4913.0625,2.550292763448172
2025-12-01,เลย,ภาคตะวันออกเฉียงเหนือ,230938,217940.83,12997.171875,5.627991874442491
2025-01-01,แพร่,ภาคเหนือ,132996,129792.734,3203.265625,2.4085428321152516
2025-02-01,แพร่,ภาคเหนือ,116580,119103.46,-2523.4609375,-2.164574487476411
2025-03-01,แพร่,ภาคเหนือ,110554,109315.23,1238.7734375,1.1205143527145105
2025-04-01,แพร่,ภาคเหนือ,123537,137313.86,-13776.859375,-11.152010632442103
2025-05-01,แพร่,ภาคเหนือ,113217,124566.6,-11349.6015625,-10.024644322407413
2025-06-01,แพร่,ภาคเหนือ,105256,112851.28,-7595.28125,-7.21600787603557
2025-07-01,แพร่,ภาคเหนือ,89270,110316.18,-21046.1796875,-23.575870603226168
2025-08-01,แพร่,ภาคเหนือ,96713,103080.04,-6367.0390625,-6.583436624342126
2025-09-01,แพร่,ภาคเหนือ,92663,106711.89,-14048.890625,-15.161273242826153
2025-10-01,แพร่,ภาคเหนือ,117720,120106.805,-2386.8046875,-2.0275269176860347
2025-11-01,แพร่,ภาคเหนือ,127809,126375.64,1433.359375,1.121485478330947
2025-12-01,แพร่,ภาคเหนือ,147463,141557.89,5905.109375,4.004468493791663
2025-01-01,แม่ฮ่องสอน,ภาคเหนือ,142510,150371.69,-7861.6875,-5.516586555329451
2025-02-01,แม่ฮ่องสอน,ภาคเหนือ,114669,124085.99,-9416.9921875,-8.212326075486837
2025-03-01,แม่ฮ่องสอน,ภาคเหนือ,102229,109206.07,-6977.0703125,-6.824942347572606
2025-04-01,แม่ฮ่องสอน,ภาคเหนือ,98084,126200.92,-28116.921875,-28.666165608050242
2025-05-01,แม่ฮ่องสอน,ภาคเหนือ,99097,118715.83,-19618.828125,-19.797600457127864
2025-06-01,แม่ฮ่องสอน,ภาคเหนือ,103420,114440.09,-11020.09375,-10.655669841423322
2025-07-01,แม่ฮ่องสอน,ภาคเหนือ,93815,117299.51,-23484.5078125,-25.032785601982628
2025-08-01,แม่ฮ่องสอน,ภาคเหนือ,94926,105971.37,-11045.3671875,-11.635765951899375
2025-09-01,แม่ฮ่องสอน,ภาคเหนือ,94894,107276.99,-12382.9921875,-13.049288877589731
2025-10-01,แม่ฮ่องสอน,ภาคเหนือ,109168,110171.625,-1003.625,-0.9193399164590357
2025-11-01,แม่ฮ่องสอน,ภาคเหนือ,124009,126494.84,-2485.84375,-2.004567208831617
2025-12-01,แม่ฮ่องสอน,ภาคเหนือ,155621,158754.5,-3133.5,-2.013545729689438
